field_1,UNIT,ENTRIES_06,EXITS_06,ENTRIES_20,EXITS_20,ENTRIES_DIFF,unit_1,id2,stationName,division,line,lat,lon,geometry,geometry
0,R001,27053,22042,5708,5310,-0.7890067644993162,R001,A060,WHITEHALL ST,R1,BMT,40.703082,-74.012983,POINT (-74.01298299999999 40.703082),"{""coordinates"": [-74.012983, 40.703082], ""type"": ""Point""}"
1,R003,1548,985,630,394,-0.5930232558139535,R003,J025,CYPRESS HILLS,J,BMT,40.689945,-73.872564,POINT (-73.872564 40.689945),"{""coordinates"": [-73.872564, 40.689945], ""type"": ""Point""}"
2,R004,3950,2813,1460,997,-0.6303797468354431,R004,J028,ELDERTS LANE,JZ,BMT,40.69132,-73.867135,POINT (-73.867135 40.69132),"{""coordinates"": [-73.867135, 40.69132], ""type"": ""Point""}"
3,R005,3796,1946,1625,784,-0.571917808219178,R005,J030,FOREST PARKWAY,J,BMT,40.692304,-73.860151,POINT (-73.860151 40.692304),"{""coordinates"": [-73.860151, 40.692304], ""type"": ""Point""}"
4,R006,4929,2912,1910,1191,-0.6124974639886387,R006,J031,WOODHAVEN BLVD,JZ,BMT,40.693866,-73.851568,POINT (-73.851568 40.693866),"{""coordinates"": [-73.851568, 40.693866], ""type"": ""Point""}"
5,R007,2630,1366,1104,529,-0.5802281368821293,R007,J034,104 ST,JZ,BMT,40.695184,-73.844326,POINT (-73.844326 40.695184),"{""coordinates"": [-73.844326, 40.695184], ""type"": ""Point""}"
6,R008,2292,1251,910,547,-0.6029668411867365,R008,J035,111 ST,J,BMT,40.697405,-73.836354,POINT (-73.836354 40.697405),"{""coordinates"": [-73.836354, 40.697405], ""type"": ""Point""}"
7,R009,2083,1270,1021,636,-0.5098415746519444,R009,J037,121 ST,JZ,BMT,40.700536,-73.828382,POINT (-73.82838199999999 40.700536),"{""coordinates"": [-73.828382, 40.700536], ""type"": ""Point""}"
8,R010,30656,26656,5334,5633,-0.8260046972860126,R010,N062A,42 ST-PA BUS TE,ACENQRS1237,IND,40.757303,-73.989787,POINT (-73.98978699999999 40.757303),"{""coordinates"": [-73.989787, 40.757303], ""type"": ""Point""}"
9,R011,51136,51870,11663,12730,-0.7719219336670838,R011,N063A,42 ST-PA BUS TE,ACENQRS1237,IND,40.757303,-73.989787,POINT (-73.98978699999999 40.757303),"{""coordinates"": [-73.989787, 40.757303], ""type"": ""Point""}"
10,R012,54342,46100,9391,9330,-0.8271870744543816,R012,N067,34 ST-PENN STA,ACE,IND,40.752247,-73.993456,POINT (-73.99345600000001 40.752247),"{""coordinates"": [-73.993456, 40.752247], ""type"": ""Point""}"
11,R013,17810,24699,2972,5084,-0.8331274564851208,R013,N071,34 ST-PENN STA,ACE,IND,40.752247,-73.993456,POINT (-73.99345600000001 40.752247),"{""coordinates"": [-73.993456, 40.752247], ""type"": ""Point""}"
12,R014,55837,44221,9903,9272,-0.8226444830488744,R014,N095,FULTON ST,ACJZ2345,IND,40.709938,-74.007983,POINT (-74.007983 40.709938),"{""coordinates"": [-74.007983, 40.709938], ""type"": ""Point""}"
13,R015,19826,28761,2492,3075,-0.8743064662564309,R015,N303,5 AVE-53 ST,EM,IND,40.760179,-73.975196,POINT (-73.975196 40.760179),"{""coordinates"": [-73.975196, 40.760179], ""type"": ""Point""}"
14,R016,7278,8351,1053,1178,-0.8553173948887057,R016,N305A,LEXINGTON-53 ST,EM6,IND,40.75753,-73.969102,POINT (-73.96910200000001 40.75753),"{""coordinates"": [-73.969102, 40.75753], ""type"": ""Point""}"
15,R017,28470,33250,5188,5999,-0.8177730944854232,R017,N306,LEXINGTON-53 ST,EM6,IND,40.75753,-73.969102,POINT (-73.96910200000001 40.75753),"{""coordinates"": [-73.969102, 40.75753], ""type"": ""Point""}"
16,R018,50622,40866,17974,15721,-0.6449369839200347,R018,N324,ROOSEVELT AVE,EFMR7,IND,40.746655,-73.891361,POINT (-73.891361 40.746655),"{""coordinates"": [-73.891361, 40.746655], ""type"": ""Point""}"
17,R019,20189,7800,7126,3396,-0.6470355143890237,R019,N343,JAMAICA-179 ST,F,IND,40.712622,-73.783815,POINT (-73.783815 40.712622),"{""coordinates"": [-73.783815, 40.712622], ""type"": ""Point""}"
18,R020,56862,57780,7280,8530,-0.871970736168267,R020,N500,47-50 ST-ROCK,BDFM,IND,40.758652,-73.981311,POINT (-73.98131100000001 40.758652),"{""coordinates"": [-73.981311, 40.758652], ""type"": ""Point""}"
19,R021,37624,39764,6699,7135,-0.8219487561131192,R021,N503,42 ST-BRYANT PK,BDFM7,IND,40.754198,-73.984573,POINT (-73.984573 40.754198),"{""coordinates"": [-73.984573, 40.754198], ""type"": ""Point""}"
20,R022,59011,54428,9026,9004,-0.8470454660995408,R022,A022,34 ST-HERALD SQ,BDFMNQR,BMT,40.749533,-73.987899,POINT (-73.987899 40.749533),"{""coordinates"": [-73.987899, 40.749533], ""type"": ""Point""}"
21,R023,42117,51817,7403,8860,-0.8242277465156588,R023,A025,34 ST-HERALD SQ,BDFMNQR,BMT,40.749533,-73.987899,POINT (-73.987899 40.749533),"{""coordinates"": [-73.987899, 40.749533], ""type"": ""Point""}"
22,R024,22706,20331,9160,9268,-0.5965824011274553,R024,N605,SUTPHIN BLVD,EJZ,IND,40.700488,-73.807933,POINT (-73.80793299999999 40.700488),"{""coordinates"": [-73.807933, 40.700488], ""type"": ""Point""}"
23,R025,32982,26085,14496,12253,-0.5604875386574495,R025,N606,JAMAICA CENTER,EJZ,IND,40.702131,-73.80111,POINT (-73.80110999999999 40.702131),"{""coordinates"": [-73.80111, 40.702131], ""type"": ""Point""}"
24,R027,22799,21157,3203,3347,-0.8595113820781614,R027,R111,WALL ST,23,IRT,40.706864,-74.009056,POINT (-74.009056 40.706864),"{""coordinates"": [-74.009056, 40.706864], ""type"": ""Point""}"
25,R028,26698,30992,5559,6757,-0.7917821559667391,R028,R113A,FULTON ST,2345ACJZ,IRT,40.709938,-74.007983,POINT (-74.007983 40.709938),"{""coordinates"": [-74.007983, 40.709938], ""type"": ""Point""}"
26,R029,42823,32184,7028,5551,-0.8358825864605469,R029,N094,WORLD TRADE CTR,23ACE,IND,40.712557,-74.009807,POINT (-74.009807 40.712557),"{""coordinates"": [-74.009807, 40.712557], ""type"": ""Point""}"
27,R029,42823,32184,7028,5551,-0.8358825864605469,R029,R115,PARK PLACE,23ACE,IRT,40.713061,-74.008777,POINT (-74.00877699999999 40.713061),"{""coordinates"": [-74.008777, 40.713061], ""type"": ""Point""}"
28,R029,42823,32184,7028,5551,-0.8358825864605469,R029,N091,CHAMBERS ST,ACE23,IND,40.71433,-74.008563,POINT (-74.008563 40.71433),"{""coordinates"": [-74.008563, 40.71433], ""type"": ""Point""}"
29,R030,17732,16896,2641,2611,-0.8510602300924882,R030,R116,CHAMBERS ST,123,IRT,40.715436,-74.009335,POINT (-74.00933499999999 40.715436),"{""coordinates"": [-74.009335, 40.715436], ""type"": ""Point""}"
30,R031,27588,34426,4652,5762,-0.8313759605625635,R031,R141,34 ST-PENN STA,123,IRT,40.750329,-73.991096,POINT (-73.991096 40.750329),"{""coordinates"": [-73.991096, 40.750329], ""type"": ""Point""}"
31,R032,37555,49105,6612,8502,-0.8239382239382239,R032,A021,42 ST-TIMES SQ,1237ACENQRS,BMT,40.755905,-73.986504,POINT (-73.98650400000001 40.755905),"{""coordinates"": [-73.986504, 40.755905], ""type"": ""Point""}"
32,R033,43549,35784,7628,6249,-0.8248409837194884,R033,R151,42 ST-TIMES SQ,1237ACENQRS,IRT,40.755905,-73.986504,POINT (-73.98650400000001 40.755905),"{""coordinates"": [-73.986504, 40.755905], ""type"": ""Point""}"
33,R034,7491,7940,2020,2361,-0.7303430783606996,R034,R174,125 ST,1,IRT,40.815596,-73.958395,POINT (-73.958395 40.815596),"{""coordinates"": [-73.958395, 40.815596], ""type"": ""Point""}"
34,R035,16969,14615,7182,5623,-0.5767576168306913,R035,N012,168 ST-BROADWAY,1AC,IND,40.840778,-73.940091,POINT (-73.94009100000001 40.840778),"{""coordinates"": [-73.940091, 40.840778], ""type"": ""Point""}"
35,R036,6678,3370,2852,2030,-0.5729260257562144,R036,R186,DYCKMAN ST,1,IRT,40.860523,-73.925575,POINT (-73.92557499999999 40.860523),"{""coordinates"": [-73.925575, 40.860523], ""type"": ""Point""}"
36,R037,5795,3473,2485,1887,-0.5711820534943917,R037,R188,207 ST,1,IRT,40.864653,-73.918719,POINT (-73.918719 40.864653),"{""coordinates"": [-73.918719, 40.864653], ""type"": ""Point""}"
37,R038,1631,675,545,271,-0.6658491722869405,R038,R190,215 ST,1,IRT,40.869359,-73.915329,POINT (-73.915329 40.869359),"{""coordinates"": [-73.915329, 40.869359], ""type"": ""Point""}"
38,R039,4850,1212,1909,367,-0.6063917525773196,R039,R192,MARBLE HILL-225,1,IRT,40.874551,-73.909879,POINT (-73.909879 40.874551),"{""coordinates"": [-73.909879, 40.874551], ""type"": ""Point""}"
39,R040,9023,1225,3074,473,-0.6593150836750526,R040,R194,231 ST,1,IRT,40.878867,-73.904858,POINT (-73.90485799999999 40.878867),"{""coordinates"": [-73.904858, 40.878867], ""type"": ""Point""}"
40,R041,21792,13161,4412,3256,-0.7975403817914831,R041,R201,BOWLING GREEN,45,IRT,40.704782,-74.014099,POINT (-74.014099 40.704782),"{""coordinates"": [-74.014099, 40.704782], ""type"": ""Point""}"
41,R042,3587,10547,862,2550,-0.7596877613604683,R042,R202,BOWLING GREEN,45,IRT,40.704782,-74.014099,POINT (-74.014099 40.704782),"{""coordinates"": [-74.014099, 40.704782], ""type"": ""Point""}"
42,R043,17741,12171,2778,2477,-0.8434135618059861,R043,R203,WALL ST,45,IRT,40.707466,-74.011867,POINT (-74.01186700000001 40.707466),"{""coordinates"": [-74.011867, 40.707466], ""type"": ""Point""}"
43,R044,25941,25386,5654,5964,-0.7820438687791527,R044,A069,CHAMBERS ST,456JZ,BMT,40.713159,-74.003917,POINT (-74.003917 40.713159),"{""coordinates"": [-74.003917, 40.713159], ""type"": ""Point""}"
44,R045,16583,15808,1851,2123,-0.8883796659229332,R045,R236,42 ST-GRD CNTRL,4567S,IRT,40.751849,-73.976945,POINT (-73.976945 40.751849),"{""coordinates"": [-73.976945, 40.751849], ""type"": ""Point""}"
45,R046,56873,54889,8958,10077,-0.8424911645244668,R046,R238,42 ST-GRD CNTRL,4567S,IRT,40.751849,-73.976945,POINT (-73.976945 40.751849),"{""coordinates"": [-73.976945, 40.751849], ""type"": ""Point""}"
46,R047,40849,44798,6798,8508,-0.8335822174349433,R047,R240,42 ST-GRD CNTRL,4567S,IRT,40.751849,-73.976945,POINT (-73.976945 40.751849),"{""coordinates"": [-73.976945, 40.751849], ""type"": ""Point""}"
47,R048,12491,6344,2132,1704,-0.829317108317989,R048,R241A,42 ST-GRD CNTRL,4567S,IRT,40.751849,-73.976945,POINT (-73.976945 40.751849),"{""coordinates"": [-73.976945, 40.751849], ""type"": ""Point""}"
48,R049,19970,22103,2905,3864,-0.8545317976965449,R049,R243,51 ST,6,IRT,40.757108,-73.97187,POINT (-73.97187 40.757108),"{""coordinates"": [-73.97187, 40.757108], ""type"": ""Point""}"
49,R050,19743,18580,3159,5536,-0.8399939218963683,R050,A004,LEXINGTON AVE,456NQR,BMT,40.762796,-73.967686,POINT (-73.967686 40.762796),"{""coordinates"": [-73.967686, 40.762796], ""type"": ""Point""}"
50,R051,29214,25361,6956,5067,-0.7618949818580133,R051,A002,LEXINGTON AVE,456NQR,BMT,40.762796,-73.967686,POINT (-73.967686 40.762796),"{""coordinates"": [-73.967686, 40.762796], ""type"": ""Point""}"
51,R052,6142,1737,2528,934,-0.5884076847932269,R052,R294,WOODLAWN ROAD,4,IRT,40.885973,-73.878851,POINT (-73.878851 40.885973),"{""coordinates"": [-73.878851, 40.885973], ""type"": ""Point""}"
52,R053,21662,8391,10208,5126,-0.5287600406241344,R053,R311,149 ST-3 AVE,25,IRT,40.816132,-73.917754,POINT (-73.917754 40.816132),"{""coordinates"": [-73.917754, 40.816132], ""type"": ""Point""}"
53,R054,12209,10596,1986,1763,-0.8373331149152264,R054,R501,5 AVE-BRYANT PK,7BDFM,IRT,40.753824,-73.981966,POINT (-73.981966 40.753824),"{""coordinates"": [-73.981966, 40.753824], ""type"": ""Point""}"
54,R055,50970,45572,15619,15410,-0.6935648420639592,R055,R533,MAIN ST,7,IRT,40.759578,-73.830056,POINT (-73.830056 40.759578),"{""coordinates"": [-73.830056, 40.759578], ""type"": ""Point""}"
55,R056,9883,10455,3248,3989,-0.6713548517656582,R056,R608,NEVINS ST,2345,IRT,40.688269,-73.980453,POINT (-73.980453 40.688269),"{""coordinates"": [-73.980453, 40.688269], ""type"": ""Point""}"
56,R057,45853,45028,11080,11584,-0.7583582317405623,R057,B001,ATLANTIC AVE,2345BDNQR,BMT,40.684063,-73.977417,POINT (-73.977417 40.684063),"{""coordinates"": [-73.977417, 40.684063], ""type"": ""Point""}"
57,R058,4104,3475,599,606,-0.8540448343079922,R058,R617,BERGEN ST,23,IRT,40.680801,-73.975132,POINT (-73.97513199999999 40.680801),"{""coordinates"": [-73.975132, 40.680801], ""type"": ""Point""}"
58,R059,7118,2753,1219,578,-0.8287440292216914,R059,R619,GRAND ARMY PLAZ,23,IRT,40.675219,-73.971012,POINT (-73.971012 40.675219),"{""coordinates"": [-73.971012, 40.675219], ""type"": ""Point""}"
59,R060,4007,4589,750,1035,-0.8128275517843774,R060,R621,EASTERN PKWY,23,IRT,40.672013,-73.96436,POINT (-73.96436 40.672013),"{""coordinates"": [-73.96436, 40.672013], ""type"": ""Point""}"
60,R061,4127,4002,1244,1424,-0.6985703901138842,R061,R623,NOSTRAND AVE,3,IRT,40.669735,-73.950455,POINT (-73.95045500000001 40.669735),"{""coordinates"": [-73.950455, 40.669735], ""type"": ""Point""}"
61,R062,25768,19707,10660,9581,-0.5863085998137224,R062,R626,CROWN HTS-UTICA,34,IRT,40.669279,-73.932967,POINT (-73.932967 40.669279),"{""coordinates"": [-73.932967, 40.669279], ""type"": ""Point""}"
62,R063,6816,7681,3164,3853,-0.5357981220657277,R063,R627,SUTTER AVE,3,IRT,40.664591,-73.922668,POINT (-73.922668 40.66459099999999),"{""coordinates"": [-73.922668, 40.664591], ""type"": ""Point""}"
63,R064,5223,5513,2502,2792,-0.520964962665135,R064,R628,SARATOGA AVE,3,IRT,40.661466,-73.916316,POINT (-73.91631600000001 40.661466),"{""coordinates"": [-73.916316, 40.661466], ""type"": ""Point""}"
64,R065,4834,5646,2362,2673,-0.5113777410012412,R065,R629,ROCKAWAY AVE,3,IRT,40.662541,-73.908763,POINT (-73.90876300000001 40.662541),"{""coordinates"": [-73.908763, 40.662541], ""type"": ""Point""}"
65,R066,2438,3057,1200,1509,-0.5077932731747334,R066,R630,JUNIUS ST,3,IRT,40.663419,-73.902454,POINT (-73.90245400000001 40.663419),"{""coordinates"": [-73.902454, 40.663419], ""type"": ""Point""}"
66,R067,4669,2522,2193,1085,-0.5303062754337117,R067,R632,PENNSYLVANIA AV,3,IRT,40.664884,-73.894258,POINT (-73.89425799999999 40.664884),"{""coordinates"": [-73.894258, 40.664884], ""type"": ""Point""}"
67,R068,2786,2991,1370,1560,-0.5082555635319455,R068,R633,VAN SICLEN AVE,3,IRT,40.665405,-73.889451,POINT (-73.88945099999999 40.665405),"{""coordinates"": [-73.889451, 40.665405], ""type"": ""Point""}"
68,R069,5537,5827,2986,3232,-0.46071880079465416,R069,R634,NEW LOTS AVE,3,IRT,40.666252,-73.884087,POINT (-73.88408699999999 40.666252),"{""coordinates"": [-73.884087, 40.666252], ""type"": ""Point""}"
70,R079,13478,9253,2123,1649,-0.8424840480783499,R079,A006,5 AVE-59 ST,NQR,BMT,40.764909,-73.973372,POINT (-73.973372 40.764909),"{""coordinates"": [-73.973372, 40.764909], ""type"": ""Point""}"
71,R080,31700,21207,5079,3683,-0.8397791798107256,R080,A010,57 ST-7 AVE,NQR,BMT,40.764755,-73.980646,POINT (-73.98064599999999 40.764755),"{""coordinates"": [-73.980646, 40.764755], ""type"": ""Point""}"
72,R081,22042,17550,2606,2845,-0.8817711641411851,R081,A015,49 ST-7 AVE,NQR,BMT,40.760139,-73.984112,POINT (-73.984112 40.760139),"{""coordinates"": [-73.984112, 40.760139], ""type"": ""Point""}"
73,R082,13000,14138,1503,1905,-0.8843846153846154,R082,A029,28 ST-BROADWAY,NR,BMT,40.745574,-73.988682,POINT (-73.988682 40.745574),"{""coordinates"": [-73.988682, 40.745574], ""type"": ""Point""}"
74,R083,21037,11820,2398,1762,-0.8860103626943006,R083,A031,23 ST-5 AVE,NR,BMT,40.741006,-73.989315,POINT (-73.989315 40.741006),"{""coordinates"": [-73.989315, 40.741006], ""type"": ""Point""}"
75,R084,61232,53719,12088,10679,-0.8025868826757251,R084,N049,59 ST-COLUMBUS,1ABCD,IND,40.76811,-73.981891,POINT (-73.981891 40.76811),"{""coordinates"": [-73.981891, 40.76811], ""type"": ""Point""}"
76,R085,16746,11734,1476,1325,-0.9118595485489072,R085,A038,8 ST-B'WAY NYU,NR,BMT,40.730348,-73.992705,POINT (-73.992705 40.730348),"{""coordinates"": [-73.992705, 40.730348], ""type"": ""Point""}"
77,R086,10860,11197,817,988,-0.9247697974217312,R086,A041,PRINCE ST-B'WAY,NR,BMT,40.724332,-73.997684,POINT (-73.99768399999999 40.724332),"{""coordinates"": [-73.997684, 40.724332], ""type"": ""Point""}"
78,R087,5574,2865,910,553,-0.8367420165052027,R087,A047,MURRAY ST-B'WAY,R,BMT,40.713086,-74.007232,POINT (-74.007232 40.713086),"{""coordinates"": [-74.007232, 40.713086], ""type"": ""Point""}"
79,R088,17848,14713,1986,2006,-0.8887270282384581,R088,A050,CORTLANDT ST,R,BMT,40.710662,-74.011052,POINT (-74.01105200000001 40.710662),"{""coordinates"": [-74.011052, 40.710662], ""type"": ""Point""}"
80,R089,3882,2894,634,486,-0.8366821226172076,R089,C003,JAY ST-METROTEC,R,BMT,40.692182,-73.985935,POINT (-73.985935 40.692182),"{""coordinates"": [-73.985935, 40.692182], ""type"": ""Point""}"
81,R090,3052,3609,783,1012,-0.7434469200524246,R090,R510,BEEBE-39 AVE,NQ,BMT,40.753076,-73.93271,POINT (-73.93271 40.753076),"{""coordinates"": [-73.93271, 40.753076], ""type"": ""Point""}"
82,R091,6741,7142,1781,2032,-0.7357958759827918,R091,R511,WASHINGTON-36 A,NQ,BMT,40.756977,-73.929373,POINT (-73.929373 40.756977),"{""coordinates"": [-73.929373, 40.756977], ""type"": ""Point""}"
83,R092,11713,11639,2511,2658,-0.7856228122598822,R092,R512,BROADWAY-31 ST,NQ,BMT,40.761959,-73.925382,POINT (-73.925382 40.761959),"{""coordinates"": [-73.925382, 40.761959], ""type"": ""Point""}"
84,R093,14075,12239,3311,3196,-0.7647602131438721,R093,R513,GRAND-30 AVE,NQ,BMT,40.766843,-73.921423,POINT (-73.921423 40.766843),"{""coordinates"": [-73.921423, 40.766843], ""type"": ""Point""}"
85,R094,8122,8088,1822,2024,-0.7756710169908889,R094,R514,HOYT ST-ASTORIA,NQ,BMT,40.770426,-73.917614,POINT (-73.917614 40.770426),"{""coordinates"": [-73.917614, 40.770426], ""type"": ""Point""}"
86,R095,16555,14934,3487,3766,-0.7893687707641196,R095,R515,DITMARS BL-31 S,NQ,BMT,40.774984,-73.912067,POINT (-73.91206700000001 40.774984),"{""coordinates"": [-73.912067, 40.774984], ""type"": ""Point""}"
87,R096,15028,18458,5455,6399,-0.63701091296247,R096,R526,82 ST-JACKSON H,7,IRT,40.747647,-73.883786,POINT (-73.883786 40.747647),"{""coordinates"": [-73.883786, 40.747647], ""type"": ""Point""}"
88,R097,21854,18048,9465,11018,-0.5668985082822366,R097,R528,JUNCTION BLVD,7,IRT,40.749143,-73.869452,POINT (-73.869452 40.749143),"{""coordinates"": [-73.869452, 40.749143], ""type"": ""Point""}"
89,R098,15870,16164,5750,6484,-0.6376811594202898,R098,B016,CHURCH AVE,BQ,BMT,40.650494,-73.962836,POINT (-73.962836 40.650494),"{""coordinates"": [-73.962836, 40.650494], ""type"": ""Point""}"
90,R099,19646,6458,4209,1795,-0.7857579150972208,R099,C008,DEKALB AVE,BDNQR,BMT,40.690612,-73.981848,POINT (-73.981848 40.690612),"{""coordinates"": [-73.981848, 40.690612], ""type"": ""Point""}"
91,R100,3028,3013,1113,1264,-0.6324306472919419,R100,K026,METROPOLITAN AV,M,BMT,40.711353,-73.88958,POINT (-73.88958000000001 40.711353),"{""coordinates"": [-73.88958, 40.711353], ""type"": ""Point""}"
92,R101,22439,22819,6895,7889,-0.6927224920896653,R101,N020,145 ST,ABCD,IND,40.824787,-73.944232,POINT (-73.944232 40.824787),"{""coordinates"": [-73.944232, 40.824787], ""type"": ""Point""}"
93,R102,27884,25103,9140,9700,-0.6722134557452303,R102,N026,125 ST,ACBD,IND,40.811056,-73.952386,POINT (-73.952386 40.811056),"{""coordinates"": [-73.952386, 40.811056], ""type"": ""Point""}"
94,R103,8131,6954,4034,3942,-0.5038740622309679,R103,N124,BROADWAY-ENY,ACJLZ,IND,40.678848,-73.904139,POINT (-73.904139 40.678848),"{""coordinates"": [-73.904139, 40.678848], ""type"": ""Point""}"
95,R104,7191,2679,3163,1479,-0.560144625225977,R104,N207,167 ST,BD,IND,40.833773,-73.91843,POINT (-73.91843 40.833773),"{""coordinates"": [-73.91843, 40.833773], ""type"": ""Point""}"
96,R105,17938,12002,3422,2392,-0.8092317984167688,R105,R127,14 ST,123FLM,IRT,40.738007,-73.998381,POINT (-73.99838100000001 40.738007),"{""coordinates"": [-73.998381, 40.738007], ""type"": ""Point""}"
97,R106,6657,6995,2691,2838,-0.5957638575935106,R106,R418,CASTLE HILL AVE,6,IRT,40.834255,-73.851222,POINT (-73.85122199999999 40.834255),"{""coordinates"": [-73.851222, 40.834255], ""type"": ""Point""}"
98,R107,6175,5834,2410,2509,-0.6097165991902834,R107,R420,WESTCHESTER SQ,6,IRT,40.839892,-73.842952,POINT (-73.842952 40.839892),"{""coordinates"": [-73.842952, 40.839892], ""type"": ""Point""}"
99,R108,32791,22385,6560,5247,-0.7999451068890854,R108,C001,BOROUGH HALL/CT,2345R,BMT,40.692404,-73.990151,POINT (-73.990151 40.692404),"{""coordinates"": [-73.990151, 40.692404], ""type"": ""Point""}"
100,R109,9751,2208,4148,1171,-0.5746077325402523,R109,R639,CHURCH AVE,25,IRT,40.650843,-73.949575,POINT (-73.949575 40.650843),"{""coordinates"": [-73.949575, 40.650843], ""type"": ""Point""}"
101,R110,19708,12768,7298,5819,-0.6296935254718896,R110,R645,FLATBUSH AVE,25,IRT,40.632836,-73.947642,POINT (-73.947642 40.632836),"{""coordinates"": [-73.947642, 40.632836], ""type"": ""Point""}"
102,R111,21441,13718,3952,2763,-0.8156802387948323,R111,N076,23 ST,CE,IND,40.745924,-73.998005,POINT (-73.99800500000001 40.745924),"{""coordinates"": [-73.998005, 40.745924], ""type"": ""Point""}"
103,R112,12393,6701,4813,3517,-0.6116356007423546,R112,N217,FORDHAM ROAD,BD,IND,40.862803,-73.901034,POINT (-73.901034 40.862803),"{""coordinates"": [-73.901034, 40.862803], ""type"": ""Point""}"
104,R113,18834,20984,2416,3265,-0.8717213549962833,R113,N301,7 AVE-53 ST,BDE,IND,40.762877,-73.98159,POINT (-73.98159 40.762877),"{""coordinates"": [-73.98159, 40.762877], ""type"": ""Point""}"
105,R114,6845,6728,2587,2818,-0.6220598977355735,R114,N339A,PARSONS BLVD,F,IND,40.707564,-73.803326,POINT (-73.803326 40.707564),"{""coordinates"": [-73.803326, 40.707564], ""type"": ""Point""}"
106,R115,8076,7501,2590,3020,-0.6792966815255077,R115,N340,169 ST,F,IND,40.710459,-73.7936,POINT (-73.7936 40.710459),"{""coordinates"": [-73.7936, 40.710459], ""type"": ""Point""}"
107,R116,23563,24658,2844,3333,-0.8793022959724992,R116,R154,50 ST,1,IRT,40.761675,-73.983908,POINT (-73.983908 40.761675),"{""coordinates"": [-73.983908, 40.761675], ""type"": ""Point""}"
108,R117,6757,2850,2453,1149,-0.6369690691135119,R117,R197,242 ST,1,IRT,40.889185,-73.898549,POINT (-73.898549 40.889185),"{""coordinates"": [-73.898549, 40.889185], ""type"": ""Point""}"
109,R118,6250,1991,1293,616,-0.79312,R118,A066,CANAL ST,JNQRZ6,BMT,40.718233,-74.000323,POINT (-74.00032299999999 40.71823300000001),"{""coordinates"": [-74.000323, 40.718233], ""type"": ""Point""}"
110,R119,9452,2061,4678,1292,-0.5050782903089294,R119,R289,FORDHAM ROAD,4,IRT,40.862941,-73.901199,POINT (-73.90119900000001 40.862941),"{""coordinates"": [-73.901199, 40.862941], ""type"": ""Point""}"
111,R120,6301,5730,3210,3108,-0.49055705443580383,R120,R415,MORRISON AVE,6,IRT,40.829495,-73.874559,POINT (-73.87455899999999 40.829495),"{""coordinates"": [-73.874559, 40.829495], ""type"": ""Point""}"
112,R121,14617,4610,3427,1298,-0.7655469658616679,R121,R509,QUEENSBORO PLZ,7NQ,IRT,40.750508,-73.940177,POINT (-73.94017700000001 40.750508),"{""coordinates"": [-73.940177, 40.750508], ""type"": ""Point""}"
113,R122,16497,7592,6795,3813,-0.5881069285324605,R122,R527,90 ST-ELMHURST,7,IRT,40.748541,-73.876791,POINT (-73.876791 40.748541),"{""coordinates"": [-73.876791, 40.748541], ""type"": ""Point""}"
114,R123,11479,7116,3380,1640,-0.7055492638731596,R123,R622,FRANKLIN AVE,2345S,IRT,40.670711,-73.958051,POINT (-73.958051 40.670711),"{""coordinates"": [-73.958051, 40.670711], ""type"": ""Point""}"
115,R124,4770,4118,1390,1435,-0.7085953878406709,R124,R624,KINGSTON AVE,3,IRT,40.669409,-73.942173,POINT (-73.942173 40.669409),"{""coordinates"": [-73.942173, 40.669409], ""type"": ""Point""}"
116,R125,7852,2382,1524,675,-0.8059093224656139,R125,A083,BROAD ST,JZ,BMT,40.706539,-74.011052,POINT (-74.01105200000001 40.706539),"{""coordinates"": [-74.011052, 40.706539], ""type"": ""Point""}"
117,R126,12588,7092,3378,2310,-0.7316491897044805,R126,N010,175 ST,A,IND,40.847369,-73.939683,POINT (-73.939683 40.847369),"{""coordinates"": [-73.939683, 40.847369], ""type"": ""Point""}"
118,R127,34930,25449,7820,6695,-0.7761236759232751,R127,N103,JAY ST-METROTEC,ACF,IND,40.692338,-73.987342,POINT (-73.987342 40.692338),"{""coordinates"": [-73.987342, 40.692338], ""type"": ""Point""}"
119,R128,4373,3326,1585,1358,-0.6375485936428081,R128,N338B,SUTPHIN BLVD,F,IND,40.705416,-73.810562,POINT (-73.810562 40.705416),"{""coordinates"": [-73.810562, 40.705416], ""type"": ""Point""}"
120,R129,11600,8975,1825,1641,-0.8426724137931034,R129,N532,BERGEN ST,FG,IND,40.686154,-73.990881,POINT (-73.990881 40.68615399999999),"{""coordinates"": [-73.990881, 40.686154], ""type"": ""Point""}"
121,R130,3746,3521,1471,1422,-0.6073144687666845,R130,N557,KINGS HIGHWAY,F,IND,40.603234,-73.972342,POINT (-73.972342 40.603234),"{""coordinates"": [-73.972342, 40.603234], ""type"": ""Point""}"
122,R131,26973,21847,3937,3883,-0.8540392244095948,R131,R227,23 ST,6,IRT,40.740088,-73.986429,POINT (-73.986429 40.740088),"{""coordinates"": [-73.986429, 40.740088], ""type"": ""Point""}"
123,R132,27014,24218,11018,11967,-0.5921374102317317,R132,R258,125 ST,456,IRT,40.804406,-73.937452,POINT (-73.93745200000001 40.804406),"{""coordinates"": [-73.937452, 40.804406], ""type"": ""Point""}"
124,R133,7933,2558,3641,1433,-0.5410311357620068,R133,R293,MOSHOLU PARKWAY,4,IRT,40.87963,-73.884666,POINT (-73.88466600000001 40.87963),"{""coordinates"": [-73.884666, 40.87963], ""type"": ""Point""}"
125,R134,6400,5367,1873,1874,-0.70734375,R134,R507,HUNTERS PT AVE,7,IRT,40.74238,-73.948889,POINT (-73.94888900000001 40.74238),"{""coordinates"": [-73.948889, 40.74238], ""type"": ""Point""}"
126,R135,7416,4848,3295,2296,-0.5556903991370011,R135,R643,NEWKIRK AVE,25,IRT,40.639961,-73.948352,POINT (-73.948352 40.639961),"{""coordinates"": [-73.948352, 40.639961], ""type"": ""Point""}"
127,R136,13494,12445,4447,4453,-0.6704461242033496,R136,B027,SHEEPSHEAD BAY,BQ,BMT,40.58681,-73.954167,POINT (-73.954167 40.58681),"{""coordinates"": [-73.954167, 40.58681], ""type"": ""Point""}"
128,R137,19119,11651,6631,5474,-0.6531722370416863,R137,H026,MYRTLE AVE,LM,BMT,40.699707,-73.91181,POINT (-73.91181 40.699707),"{""coordinates"": [-73.91181, 40.699707], ""type"": ""Point""}"
129,R138,38910,38653,5548,5957,-0.8574145463891031,R138,N080,W 4 ST-WASH SQ,ABCDEFM,IND,40.732251,-74.000559,POINT (-74.000559 40.732251),"{""coordinates"": [-74.000559, 40.732251], ""type"": ""Point""}"
130,R139,18284,15047,2522,2572,-0.8620651936119011,R139,N089,CANAL ST,ACE,IND,40.720852,-74.005237,POINT (-74.00523699999999 40.720852),"{""coordinates"": [-74.005237, 40.720852], ""type"": ""Point""}"
131,R140,14624,12551,2961,3106,-0.7975246170678337,R140,N309A,QUEENS PLAZA,EMR,IND,40.748948,-73.937194,POINT (-73.93719399999999 40.748948),"{""coordinates"": [-73.937194, 40.748948], ""type"": ""Point""}"
132,R141,25331,13539,6704,4294,-0.7353440448462358,R141,N333A,FOREST HILLS-71,EFMR,IND,40.721681,-73.84439,POINT (-73.84439 40.721681),"{""coordinates"": [-73.84439, 40.721681], ""type"": ""Point""}"
133,R142,28006,23067,6091,5787,-0.7825108905234592,R142,A061,ESSEX ST,FJMZ,BMT,40.71838,-73.987813,POINT (-73.987813 40.71838),"{""coordinates"": [-73.987813, 40.71838], ""type"": ""Point""}"
134,R143,19577,17799,4242,3690,-0.78331715788936,R143,R228,28 ST,6,IRT,40.743095,-73.984251,POINT (-73.984251 40.743095),"{""coordinates"": [-73.984251, 40.743095], ""type"": ""Point""}"
135,R144,16644,6106,4479,2478,-0.7308940158615718,R144,R251,96 ST,6,IRT,40.785822,-73.95097,POINT (-73.95097 40.785822),"{""coordinates"": [-73.95097, 40.785822], ""type"": ""Point""}"
136,R145,4615,5063,2537,2868,-0.4502708559046587,R145,R336,WAKEFIELD-241,2,IRT,40.903085,-73.850591,POINT (-73.85059100000001 40.903085),"{""coordinates"": [-73.850591, 40.903085], ""type"": ""Point""}"
137,R146,9527,7698,4494,4024,-0.5282880235121235,R146,R412,HUNTS POINT AVE,6,IRT,40.820889,-73.890567,POINT (-73.890567 40.820889),"{""coordinates"": [-73.890567, 40.820889], ""type"": ""Point""}"
138,R147,15094,15346,4865,5272,-0.6776864979462038,R147,R523,61 ST/WOODSIDE,7,IRT,40.745623,-73.902969,POINT (-73.902969 40.74562299999999),"{""coordinates"": [-73.902969, 40.745623], ""type"": ""Point""}"
139,R148,5941,4118,1964,1805,-0.6694159232452449,R148,B014,PARKSIDE AVE,BQ,BMT,40.655053,-73.961227,POINT (-73.96122700000001 40.655053),"{""coordinates"": [-73.961227, 40.655053], ""type"": ""Point""}"
140,R149,10391,10037,3399,3435,-0.6728900009623713,R149,B019,NEWKIRK AVE,BQ,BMT,40.635059,-73.962793,POINT (-73.962793 40.63505900000001),"{""coordinates"": [-73.962793, 40.635059], ""type"": ""Point""}"
141,R150,6776,2700,2440,1044,-0.6399055489964581,R150,B025,AVE U,BQ,BMT,40.599307,-73.955916,POINT (-73.955916 40.599307),"{""coordinates"": [-73.955916, 40.599307], ""type"": ""Point""}"
142,R151,10469,9809,5270,4922,-0.49660903620212055,R151,G001,STILLWELL AVE,DFNQ,BMT,40.577423,-73.981225,POINT (-73.98122499999999 40.577423),"{""coordinates"": [-73.981225, 40.577423], ""type"": ""Point""}"
143,R152,10611,1686,2120,88,-0.8002073320139478,R152,H041,ROCKAWAY PKY,L,BMT,40.64666,-73.901832,POINT (-73.901832 40.64666),"{""coordinates"": [-73.901832, 40.64666], ""type"": ""Point""}"
144,R153,16290,13502,5568,5065,-0.658195211786372,R153,N120,UTICA AVE,AC,IND,40.679279,-73.930585,POINT (-73.93058499999999 40.679279),"{""coordinates"": [-73.930585, 40.679279], ""type"": ""Point""}"
145,R154,9764,5968,4303,3019,-0.5592994674313806,R154,N213,TREMONT AVE,BD,IND,40.850307,-73.905244,POINT (-73.905244 40.850307),"{""coordinates"": [-73.905244, 40.850307], ""type"": ""Point""}"
146,R155,8235,6282,3463,3124,-0.579477838494232,R155,N221,KINGSBRIDGE RD,BD,IND,40.866974,-73.893485,POINT (-73.893485 40.866974),"{""coordinates"": [-73.893485, 40.866974], ""type"": ""Point""}"
147,R156,7448,3986,2780,1605,-0.6267454350161117,R156,N222,BEDFORD PARK BL,BD,IND,40.873026,-73.886919,POINT (-73.88691899999999 40.873026),"{""coordinates"": [-73.886919, 40.873026], ""type"": ""Point""}"
148,R157,8639,6215,3723,3032,-0.569047343442528,R157,N224,NORWOOD-205 ST,D,IND,40.874827,-73.878872,POINT (-73.878872 40.874827),"{""coordinates"": [-73.878872, 40.874827], ""type"": ""Point""}"
149,R158,23075,22655,7156,7384,-0.6898808234019501,R158,N336,UNION TPK-KEW G,EF,IND,40.714444,-73.830979,POINT (-73.830979 40.714444),"{""coordinates"": [-73.830979, 40.714444], ""type"": ""Point""}"
150,R159,14832,8106,1509,1277,-0.8982605177993528,R159,R173,116 ST-COLUMBIA,1,IRT,40.80819,-73.964124,POINT (-73.964124 40.80819),"{""coordinates"": [-73.964124, 40.80819], ""type"": ""Point""}"
151,R160,15573,18793,2128,2831,-0.8633532395813267,R160,R219,ASTOR PLACE,6,IRT,40.730056,-73.991042,POINT (-73.99104200000001 40.730056),"{""coordinates"": [-73.991042, 40.730056], ""type"": ""Point""}"
152,R161,8881,4866,3940,2537,-0.5563562661862402,R161,R290,KINGSBRIDGE RD,4,IRT,40.867899,-73.897326,POINT (-73.89732600000001 40.867899),"{""coordinates"": [-73.897326, 40.867899], ""type"": ""Point""}"
153,R162,6699,6853,3274,3540,-0.5112703388565457,R162,R414,ELDER AVE,6,IRT,40.828894,-73.879559,POINT (-73.879559 40.828894),"{""coordinates"": [-73.879559, 40.828894], ""type"": ""Point""}"
154,R163,19216,22267,2646,3669,-0.8623022481265612,R163,H003,6 AVE,FLM123,BMT,40.737348,-73.9969,POINT (-73.9969 40.737348),"{""coordinates"": [-73.9969, 40.737348], ""type"": ""Point""}"
155,R164,22027,22870,2568,3048,-0.8834158078721569,R164,R160A,66 ST-LINCOLN,1,IRT,40.773424,-73.982234,POINT (-73.98223399999999 40.773424),"{""coordinates"": [-73.982234, 40.773424], ""type"": ""Point""}"
156,R166,13646,7851,2022,1510,-0.8518247105378866,R166,R162,79 ST,1,IRT,40.783872,-73.979938,POINT (-73.979938 40.783872),"{""coordinates"": [-73.979938, 40.783872], ""type"": ""Point""}"
157,R167,16879,18342,3413,3945,-0.7977960779667042,R167,R164,86 ST,1,IRT,40.788844,-73.97599,POINT (-73.97599 40.788844),"{""coordinates"": [-73.97599, 40.788844], ""type"": ""Point""}"
158,R168,32547,35260,7949,9183,-0.755768580821581,R168,R168A,96 ST,123,IRT,40.79388,-73.972363,POINT (-73.972363 40.79388),"{""coordinates"": [-73.972363, 40.79388], ""type"": ""Point""}"
159,R169,12381,10644,3580,3834,-0.7108472659720539,R169,R176,137 ST-CITY COL,1,IRT,40.821994,-73.953674,POINT (-73.95367399999999 40.821994),"{""coordinates"": [-73.953674, 40.821994], ""type"": ""Point""}"
160,R170,91047,88800,17744,18234,-0.8051116456335738,R170,A035,14 ST-UNION SQ,LNQR456,BMT,40.734836,-73.990688,POINT (-73.99068800000001 40.734836),"{""coordinates"": [-73.990688, 40.734836], ""type"": ""Point""}"
161,R171,9780,9484,1268,1377,-0.8703476482617587,R171,B004,7 AVE,BQ,BMT,40.677172,-73.972514,POINT (-73.972514 40.677172),"{""coordinates"": [-73.972514, 40.677172], ""type"": ""Point""}"
162,R172,10561,6929,4540,3762,-0.5701164662437269,R172,B029,BRIGHTON BEACH,BQ,BMT,40.577961,-73.961806,POINT (-73.96180600000001 40.577961),"{""coordinates"": [-73.961806, 40.577961], ""type"": ""Point""}"
163,R173,9682,4566,3074,1698,-0.6825036149555876,R173,N002A,INWOOD-207 ST,A,IND,40.868045,-73.919921,POINT (-73.919921 40.868045),"{""coordinates"": [-73.919921, 40.868045], ""type"": ""Point""}"
164,R174,10202,10045,2167,2399,-0.7875906684963733,R174,N007A,181 ST,A,IND,40.851686,-73.937967,POINT (-73.937967 40.851686),"{""coordinates"": [-73.937967, 40.851686], ""type"": ""Point""}"
165,R175,38526,32010,5323,4938,-0.8618335669418056,R175,H001,8 AVE,ACEL,BMT,40.740388,-74.002104,POINT (-74.002104 40.740388),"{""coordinates"": [-74.002104, 40.740388], ""type"": ""Point""}"
166,R176,25486,21570,5260,4955,-0.7936121792356587,R176,R231,33 ST,6,IRT,40.746119,-73.981826,POINT (-73.981826 40.746119),"{""coordinates"": [-73.981826, 40.746119], ""type"": ""Point""}"
167,R177,24537,19175,4481,5190,-0.8173778375514529,R177,R246,68ST-HUNTER COL,6,IRT,40.768143,-73.964016,POINT (-73.964016 40.768143),"{""coordinates"": [-73.964016, 40.768143], ""type"": ""Point""}"
168,R178,23810,25697,5530,6385,-0.7677446451070978,R178,R248,77 ST,6,IRT,40.773636,-73.959875,POINT (-73.959875 40.773636),"{""coordinates"": [-73.959875, 40.773636], ""type"": ""Point""}"
169,R179,38435,38201,8907,9586,-0.7682580980876805,R179,R250,86 ST,456,IRT,40.779485,-73.955541,POINT (-73.955541 40.779485),"{""coordinates"": [-73.955541, 40.779485], ""type"": ""Point""}"
170,R180,13076,12635,4615,4985,-0.6470633221168554,R180,R252,103 ST,6,IRT,40.790582,-73.947473,POINT (-73.947473 40.790582),"{""coordinates"": [-73.947473, 40.790582], ""type"": ""Point""}"
171,R181,10591,9896,3678,4256,-0.6527240109526957,R181,R253,110 ST,6,IRT,40.795066,-73.944297,POINT (-73.94429699999999 40.795066),"{""coordinates"": [-73.944297, 40.795066], ""type"": ""Point""}"
172,R182,14587,9604,5291,4821,-0.6372797696579146,R182,R256,116 ST,6,IRT,40.798574,-73.941593,POINT (-73.94159300000001 40.798574),"{""coordinates"": [-73.941593, 40.798574], ""type"": ""Point""}"
173,R183,4593,4847,1702,1860,-0.6294360984106249,R183,R291,BEDFORD PARK BL,4,IRT,40.873399,-73.890084,POINT (-73.890084 40.873399),"{""coordinates"": [-73.890084, 40.873399], ""type"": ""Point""}"
174,R184,6212,1868,1845,847,-0.702994204764971,R184,B018,CORTELYOU ROAD,BQ,BMT,40.640905,-73.963866,POINT (-73.96386600000001 40.640905),"{""coordinates"": [-73.963866, 40.640905], ""type"": ""Point""}"
175,R185,6652,238,1868,92,-0.719182200841852,R185,N003,DYCKMAN-200 ST,A,IND,40.865286,-73.92698,POINT (-73.92698 40.865286),"{""coordinates"": [-73.92698, 40.865286], ""type"": ""Point""}"
176,R186,10147,9620,1760,1635,-0.8265497191288066,R186,N043,86 ST,BC,IND,40.785822,-73.968952,POINT (-73.968952 40.785822),"{""coordinates"": [-73.968952, 40.785822], ""type"": ""Point""}"
177,R187,12600,10769,1317,1337,-0.8954761904761904,R187,N044,81 ST-MUSEUM,BC,IND,40.781435,-73.972149,POINT (-73.972149 40.78143499999999),"{""coordinates"": [-73.972149, 40.781435], ""type"": ""Point""}"
178,R188,21679,14128,2678,1861,-0.8764703168965359,R188,N057,50 ST,CE,IND,40.762439,-73.985989,POINT (-73.985989 40.762439),"{""coordinates"": [-73.985989, 40.762439], ""type"": ""Point""}"
179,R189,9244,9319,979,1197,-0.8940934660320208,R189,R125,CHRISTOPHER ST,1,IRT,40.733405,-74.002898,POINT (-74.002898 40.733405),"{""coordinates"": [-74.002898, 40.733405], ""type"": ""Point""}"
180,R190,13417,11726,2369,2586,-0.8234329581873743,R190,R131,23 ST,1,IRT,40.744071,-73.995624,POINT (-73.99562399999999 40.74407100000001),"{""coordinates"": [-73.995624, 40.744071], ""type"": ""Point""}"
181,R191,11350,6439,2541,1831,-0.7761233480176212,R191,R170,103 ST,1,IRT,40.799354,-73.968329,POINT (-73.968329 40.799354),"{""coordinates"": [-73.968329, 40.799354], ""type"": ""Point""}"
182,R192,11432,6962,2404,2116,-0.7897130860741778,R192,R172,110 ST-CATHEDRL,1,IRT,40.804032,-73.966742,POINT (-73.96674200000001 40.804032),"{""coordinates"": [-73.966742, 40.804032], ""type"": ""Point""}"
183,R193,9829,7317,3395,2960,-0.6545935496998677,R193,R180,157 ST,1,IRT,40.833879,-73.944726,POINT (-73.944726 40.833879),"{""coordinates"": [-73.944726, 40.833879], ""type"": ""Point""}"
184,R194,14160,6364,2297,1171,-0.8377824858757063,R194,R217A,BLEECKER ST,6DF,IRT,40.725665,-73.995645,POINT (-73.995645 40.725665),"{""coordinates"": [-73.995645, 40.725665], ""type"": ""Point""}"
185,R195,19571,9267,8288,4496,-0.5765162740789944,R195,N203,161 ST-YANKEE,BD4,IND,40.827888,-73.925736,POINT (-73.925736 40.827888),"{""coordinates"": [-73.925736, 40.827888], ""type"": ""Point""}"
186,R196,8142,7451,2165,2364,-0.7340948169982805,R196,B012,PROSPECT PARK,BQS,BMT,40.661596,-73.962193,POINT (-73.962193 40.661596),"{""coordinates"": [-73.962193, 40.661596], ""type"": ""Point""}"
187,R197,13441,8320,4268,3200,-0.6824641023733353,R197,C018,36 ST,DNR,BMT,40.65515,-74.003477,POINT (-74.003477 40.65515),"{""coordinates"": [-74.003477, 40.65515], ""type"": ""Point""}"
188,R198,17766,13881,5204,6468,-0.7070809411234943,R198,N116,NOSTRAND AVE,AC,IND,40.68041,-73.950326,POINT (-73.950326 40.68040999999999),"{""coordinates"": [-73.950326, 40.68041], ""type"": ""Point""}"
189,R199,6917,6010,1784,2121,-0.7420847188087321,R199,N119,KINGSTON-THROOP,C,IND,40.679921,-73.940858,POINT (-73.94085799999999 40.679921),"{""coordinates"": [-73.940858, 40.679921], ""type"": ""Point""}"
190,R200,9684,2697,4870,1766,-0.49710863279636514,R200,N128,EUCLID AVE,AC,IND,40.675382,-73.87207,POINT (-73.87206999999999 40.675382),"{""coordinates"": [-73.87207, 40.675382], ""type"": ""Point""}"
191,R201,18935,10067,5632,3930,-0.7025613942434645,R201,N329,WOODHAVEN BLVD,MR,IND,40.73308,-73.869259,POINT (-73.869259 40.73308),"{""coordinates"": [-73.869259, 40.73308], ""type"": ""Point""}"
192,R202,14582,5405,4430,2003,-0.696200795501303,R202,N330B,63 DR-REGO PARK,MR,IND,40.729869,-73.86161,POINT (-73.86161 40.729869),"{""coordinates"": [-73.86161, 40.729869], ""type"": ""Point""}"
193,R203,14759,10751,2605,2197,-0.823497526932719,R203,N509,23 ST-6 AVE,FM,IND,40.742868,-73.99277,POINT (-73.99276999999999 40.742868),"{""coordinates"": [-73.99277, 40.742868], ""type"": ""Point""}"
194,R204,9597,6488,3237,2612,-0.6627070959674899,R204,N546,CHURCH AVE,FG,IND,40.644039,-73.979541,POINT (-73.979541 40.644039),"{""coordinates"": [-73.979541, 40.644039], ""type"": ""Point""}"
195,R205,12858,7007,5127,4068,-0.6012599160055996,R205,R261,149 ST-GR CONC,245,IRT,40.818429,-73.926927,POINT (-73.92692700000001 40.81842899999999),"{""coordinates"": [-73.926927, 40.818429], ""type"": ""Point""}"
196,R206,12625,6125,4210,2830,-0.6665346534653466,R206,R304,125 ST,23,IRT,40.808076,-73.945906,POINT (-73.94590600000001 40.808076),"{""coordinates"": [-73.945906, 40.808076], ""type"": ""Point""}"
197,R207,13635,4879,5076,2536,-0.6277227722772277,R207,R306,135 ST,23,IRT,40.814459,-73.940992,POINT (-73.94099200000001 40.814459),"{""coordinates"": [-73.940992, 40.814459], ""type"": ""Point""}"
198,R208,20648,15563,9472,6429,-0.541263076327005,R208,R529,103 ST-CORONA,7,IRT,40.749858,-73.862672,POINT (-73.862672 40.749858),"{""coordinates"": [-73.862672, 40.749858], ""type"": ""Point""}"
199,R209,5668,3829,1890,1526,-0.6665490472829922,R209,R636,STERLING ST,25,IRT,40.662752,-73.950605,POINT (-73.95060500000001 40.662752),"{""coordinates"": [-73.950605, 40.662752], ""type"": ""Point""}"
200,R210,4350,810,1789,437,-0.588735632183908,R210,R641,BEVERLY ROAD,25,IRT,40.645089,-73.948975,POINT (-73.948975 40.645089),"{""coordinates"": [-73.948975, 40.645089], ""type"": ""Point""}"
201,R211,18988,16235,6393,5858,-0.6633136717927112,R211,B024,KINGS HIGHWAY,BQ,BMT,40.608691,-73.957772,POINT (-73.95777199999999 40.608691),"{""coordinates"": [-73.957772, 40.608691], ""type"": ""Point""}"
202,R212,10717,5516,3970,2615,-0.629560511337128,R212,C021,59 ST,NR,BMT,40.641426,-74.017972,POINT (-74.017972 40.641426),"{""coordinates"": [-74.017972, 40.641426], ""type"": ""Point""}"
203,R213,7927,4713,2214,1598,-0.7207014002775325,R213,C023,BAY RIDGE AVE,R,BMT,40.634945,-74.023411,POINT (-74.023411 40.634945),"{""coordinates"": [-74.023411, 40.634945], ""type"": ""Point""}"
204,R214,5440,2199,1460,690,-0.7316176470588235,R214,C024,77 ST,R,BMT,40.629702,-74.025514,POINT (-74.025514 40.629702),"{""coordinates"": [-74.025514, 40.629702], ""type"": ""Point""}"
205,R215,10787,7564,3419,2863,-0.6830444053026792,R215,C025,86 ST,R,BMT,40.622715,-74.028368,POINT (-74.028368 40.622715),"{""coordinates"": [-74.028368, 40.622715], ""type"": ""Point""}"
206,R216,5589,3558,1734,1188,-0.6897477187332259,R216,C027,BAY RIDGE-95 ST,R,BMT,40.616624,-74.030964,POINT (-74.030964 40.616624),"{""coordinates"": [-74.030964, 40.616624], ""type"": ""Point""}"
207,R217,11496,9688,3140,3050,-0.7268615170494085,R217,N108,HOYT/SCHERMER,ACG,IND,40.688465,-73.985474,POINT (-73.985474 40.688465),"{""coordinates"": [-73.985474, 40.688465], ""type"": ""Point""}"
208,R218,9834,2477,3172,918,-0.6774455969086841,R218,N325A,ELMHURST AVE,MR,IND,40.742445,-73.882005,POINT (-73.88200500000001 40.742445),"{""coordinates"": [-73.882005, 40.742445], ""type"": ""Point""}"
209,R219,8722,4347,1961,1091,-0.7751662462737904,R219,N331,67 AVE,MR,IND,40.726462,-73.85263,POINT (-73.85263 40.726462),"{""coordinates"": [-73.85263, 40.726462], ""type"": ""Point""}"
210,R220,11673,5348,1581,1148,-0.8645592392701105,R220,N535,CARROLL ST,FG,IND,40.680231,-73.99498,POINT (-73.99498 40.680231),"{""coordinates"": [-73.99498, 40.680231], ""type"": ""Point""}"
211,R221,8657,8958,4203,4737,-0.5144969388933811,R221,R283,167 ST,4,IRT,40.835535,-73.92138,POINT (-73.92138 40.835535),"{""coordinates"": [-73.92138, 40.835535], ""type"": ""Point""}"
212,R222,15026,16566,6024,6876,-0.5990949021695727,R222,R417,E 177 ST-PARKCH,6,IRT,40.833246,-73.860805,POINT (-73.860805 40.833246),"{""coordinates"": [-73.860805, 40.833246], ""type"": ""Point""}"
213,R223,12556,9727,3767,3414,-0.6999840713603058,R223,R519,46 ST-BLISS ST,7,IRT,40.743079,-73.918419,POINT (-73.918419 40.74307899999999),"{""coordinates"": [-73.918419, 40.743079], ""type"": ""Point""}"
214,R224,5124,2711,719,543,-0.85967993754879,R224,R600,CLARK ST,23,IRT,40.697356,-73.992888,POINT (-73.99288799999999 40.697356),"{""coordinates"": [-73.992888, 40.697356], ""type"": ""Point""}"
215,R225,3833,2071,1258,573,-0.6717975476128359,R225,R606,HOYT ST,23,IRT,40.690547,-73.985066,POINT (-73.985066 40.690547),"{""coordinates"": [-73.985066, 40.690547], ""type"": ""Point""}"
216,R226,2298,1852,1064,1360,-0.5369886858137511,R226,R728,GUN HILL ROAD,5,IRT,40.877796,-73.866341,POINT (-73.86634100000001 40.877796),"{""coordinates"": [-73.866341, 40.877796], ""type"": ""Point""}"
217,R227,6215,2104,837,503,-0.86532582461786,R227,A055,RECTOR ST,R,BMT,40.707222,-74.013391,POINT (-74.013391 40.70722199999999),"{""coordinates"": [-74.013391, 40.707222], ""type"": ""Point""}"
218,R228,5636,3015,2031,1280,-0.6396380411639461,R228,B021,AVE J,BQ,BMT,40.625028,-73.960819,POINT (-73.960819 40.625028),"{""coordinates"": [-73.960819, 40.625028], ""type"": ""Point""}"
219,R229,5684,2631,1917,919,-0.6627375087966221,R229,B022,AVE M,BQ,BMT,40.617568,-73.95936,POINT (-73.95936 40.617568),"{""coordinates"": [-73.95936, 40.617568], ""type"": ""Point""}"
220,R230,4296,1356,1429,385,-0.667364990689013,R230,B026,NECK ROAD,BQ,BMT,40.595234,-73.95509,POINT (-73.95509 40.595234),"{""coordinates"": [-73.95509, 40.595234], ""type"": ""Point""}"
221,R231,7238,5713,1291,1422,-0.8216358109975131,R231,C010,UNION ST,R,BMT,40.677302,-73.983135,POINT (-73.983135 40.677302),"{""coordinates"": [-73.983135, 40.677302], ""type"": ""Point""}"
222,R232,7543,4148,2561,1702,-0.6604799151531221,R232,C019,45 ST,R,BMT,40.648866,-74.010086,POINT (-74.010086 40.648866),"{""coordinates"": [-74.010086, 40.648866], ""type"": ""Point""}"
223,R233,9100,9150,3539,3796,-0.6110989010989011,R233,C020,53 ST,R,BMT,40.644959,-74.014034,POINT (-74.014034 40.644959),"{""coordinates"": [-74.014034, 40.644959], ""type"": ""Point""}"
224,R234,3094,2811,1336,1277,-0.5681965093729799,R234,E004,50 ST,D,BMT,40.636232,-73.994765,POINT (-73.994765 40.636232),"{""coordinates"": [-73.994765, 40.636232], ""type"": ""Point""}"
225,R235,23769,15242,3202,2987,-0.8652867179940258,R235,H009,BEDFORD AVE,L,BMT,40.717241,-73.956614,POINT (-73.956614 40.71724099999999),"{""coordinates"": [-73.956614, 40.717241], ""type"": ""Point""}"
226,R236,9841,2614,3000,1123,-0.695152931612641,R236,H023,DEKALB AVE,L,BMT,40.703839,-73.91844,POINT (-73.91844 40.703839),"{""coordinates"": [-73.91844, 40.703839], ""type"": ""Point""}"
227,R237,3403,1595,1471,839,-0.5677343520423156,R237,N215,182-183 ST,BD,IND,40.856085,-73.900695,POINT (-73.900695 40.856085),"{""coordinates"": [-73.900695, 40.856085], ""type"": ""Point""}"
228,R238,14129,11267,3512,3316,-0.7514332224502795,R238,N315,STEINWAY ST,MR,IND,40.756864,-73.920736,POINT (-73.92073600000001 40.756864),"{""coordinates"": [-73.920736, 40.756864], ""type"": ""Point""}"
229,R239,10189,8085,2562,2326,-0.7485523603886545,R239,N405,GREENPOINT AVE,G,IND,40.731324,-73.954425,POINT (-73.954425 40.731324),"{""coordinates"": [-73.954425, 40.731324], ""type"": ""Point""}"
230,R240,19240,16676,4302,4392,-0.7764033264033264,R240,N520,GRAND ST,BD,IND,40.718542,-73.994164,POINT (-73.994164 40.718542),"{""coordinates"": [-73.994164, 40.718542], ""type"": ""Point""}"
231,R241,6459,3789,1061,722,-0.8357330856169686,R241,N542,15 ST-PROSPECT,FG,IND,40.660376,-73.979509,POINT (-73.97950899999999 40.660376),"{""coordinates"": [-73.979509, 40.660376], ""type"": ""Point""}"
232,R242,3775,2691,1615,1283,-0.5721854304635762,R242,N549,18 AVE,F,IND,40.629881,-73.977149,POINT (-73.977149 40.629881),"{""coordinates"": [-73.977149, 40.629881], ""type"": ""Point""}"
233,R243,8174,6201,4073,3672,-0.5017127477367263,R243,R284,170 ST,4,IRT,40.840048,-73.917775,POINT (-73.91777500000001 40.840048),"{""coordinates"": [-73.917775, 40.840048], ""type"": ""Point""}"
234,R244,9509,4990,4554,2930,-0.5210852876222526,R244,R287,BURNSIDE AVE,4,IRT,40.85339,-73.907733,POINT (-73.90773299999999 40.85339),"{""coordinates"": [-73.907733, 40.85339], ""type"": ""Point""}"
235,R245,4105,3777,1891,1963,-0.5393422655298417,R245,R416,ST LAWRENCE AVE,6,IRT,40.8315,-73.867623,POINT (-73.86762299999999 40.8315),"{""coordinates"": [-73.867623, 40.8315], ""type"": ""Point""}"
236,R246,5863,4478,1259,1331,-0.7852635169708341,R246,C014,PROSPECT AVE,R,BMT,40.665438,-73.992856,POINT (-73.992856 40.665438),"{""coordinates"": [-73.992856, 40.665438], ""type"": ""Point""}"
237,R247,2008,913,1008,429,-0.49800796812749004,R247,E005,55 ST,D,BMT,40.631412,-73.995473,POINT (-73.995473 40.631412),"{""coordinates"": [-73.995473, 40.631412], ""type"": ""Point""}"
238,R248,16437,22918,3362,5110,-0.7954614589036929,R248,H007,1 AVE,L,BMT,40.730901,-73.981719,POINT (-73.981719 40.730901),"{""coordinates"": [-73.981719, 40.730901], ""type"": ""Point""}"
239,R249,9197,5996,1671,1743,-0.8183103185821463,R249,H014,GRAHAM AVE,L,BMT,40.71459,-73.944104,POINT (-73.94410400000001 40.71459),"{""coordinates"": [-73.944104, 40.71459], ""type"": ""Point""}"
240,R250,6477,6386,1758,2126,-0.7285780453913849,R250,H016,GRAND ST,L,BMT,40.711874,-73.94067,POINT (-73.94067 40.711874),"{""coordinates"": [-73.94067, 40.711874], ""type"": ""Point""}"
241,R251,9078,7806,2410,2348,-0.7345230226922229,R251,N040,96 ST,BC,IND,40.791654,-73.964682,POINT (-73.964682 40.791654),"{""coordinates"": [-73.964682, 40.791654], ""type"": ""Point""}"
242,R252,6859,8304,1060,1313,-0.8454585216503864,R252,N100,HIGH ST,AC,IND,40.699316,-73.990474,POINT (-73.99047400000001 40.699316),"{""coordinates"": [-73.990474, 40.699316], ""type"": ""Point""}"
243,R253,5112,2823,2371,1617,-0.536189358372457,R253,N210,174-175 ST,BD,IND,40.845892,-73.910136,POINT (-73.91013599999999 40.845892),"{""coordinates"": [-73.910136, 40.845892], ""type"": ""Point""}"
244,R254,15592,9945,4778,3659,-0.6935608004104669,R254,N327,GRAND AV-NEWTON,MR,IND,40.736998,-73.877242,POINT (-73.87724200000001 40.736998),"{""coordinates"": [-73.877242, 40.736998], ""type"": ""Point""}"
245,R255,5055,2553,1398,874,-0.7234421364985163,R255,N337,VAN WYCK BLVD,EF,IND,40.709174,-73.820593,POINT (-73.820593 40.709174),"{""coordinates"": [-73.820593, 40.709174], ""type"": ""Point""}"
246,R256,10002,10447,1855,2235,-0.8145370925814837,R256,N408A,NASSAU AV,G,IND,40.724608,-73.951271,POINT (-73.95127099999999 40.724608),"{""coordinates"": [-73.951271, 40.724608], ""type"": ""Point""}"
247,R257,13671,7762,3252,2342,-0.7621242045205179,R257,N529,EAST BROADWAY,F,IND,40.713647,-73.990152,POINT (-73.99015199999999 40.71364699999999),"{""coordinates"": [-73.990152, 40.713647], ""type"": ""Point""}"
248,R258,12466,11590,2782,3223,-0.7768329857211616,R258,C012,9 ST,DFGMNR,BMT,40.67032,-73.988757,POINT (-73.98875699999999 40.67032),"{""coordinates"": [-73.988757, 40.67032], ""type"": ""Point""}"
249,R259,6422,5681,1568,1501,-0.7558393023980069,R259,N602,ROOSEVELT IS,F,IND,40.759123,-73.953266,POINT (-73.953266 40.759123),"{""coordinates"": [-73.953266, 40.759123], ""type"": ""Point""}"
250,R260,12903,12451,5253,6136,-0.5928853754940712,R260,R183,181 ST,1,IRT,40.849495,-73.933632,POINT (-73.93363199999999 40.849495),"{""coordinates"": [-73.933632, 40.849495], ""type"": ""Point""}"
251,R261,10195,8484,2485,2551,-0.7562530652280529,R261,R518,40 ST-LOWERY ST,7,IRT,40.743778,-73.923998,POINT (-73.923998 40.74377800000001),"{""coordinates"": [-73.923998, 40.743778], ""type"": ""Point""}"
252,R262,3413,3346,953,911,-0.7207735130383827,R262,B017,BEVERLEY ROAD,BQ,BMT,40.643982,-73.96451,POINT (-73.96451 40.643982),"{""coordinates"": [-73.96451, 40.643982], ""type"": ""Point""}"
253,R263,2967,2524,871,828,-0.7064374789349511,R263,B020,AVE H,BQ,BMT,40.629164,-73.961678,POINT (-73.96167800000001 40.629164),"{""coordinates"": [-73.961678, 40.629164], ""type"": ""Point""}"
254,R264,2822,997,1132,575,-0.5988660524450744,R264,B032,OCEAN PARKWAY,Q,BMT,40.576298,-73.968523,POINT (-73.968523 40.576298),"{""coordinates"": [-73.968523, 40.576298], ""type"": ""Point""}"
255,R265,6957,3676,1558,1304,-0.776052896363375,R265,H017,MONTROSE AVE,L,BMT,40.707889,-73.940005,POINT (-73.940005 40.707889),"{""coordinates"": [-73.940005, 40.707889], ""type"": ""Point""}"
256,R266,7594,4809,2399,1632,-0.6840927047669213,R266,H028,HALSEY ST,L,BMT,40.695607,-73.904021,POINT (-73.904021 40.695607),"{""coordinates"": [-73.904021, 40.695607], ""type"": ""Point""}"
257,R267,8154,6966,2199,2028,-0.7303164091243561,R267,N316,46 ST,MR,IND,40.756312,-73.913333,POINT (-73.91333299999999 40.756312),"{""coordinates"": [-73.913333, 40.756312], ""type"": ""Point""}"
258,R268,14262,7473,2595,1616,-0.8180479596129575,R268,H012,LORIMER ST,GL,BMT,40.713875,-73.951592,POINT (-73.95159200000001 40.713875),"{""coordinates"": [-73.951592, 40.713875], ""type"": ""Point""}"
259,R269,8744,4991,2080,1600,-0.7621225983531564,R269,N417,BEDFORD/NOSTRAN,G,IND,40.689636,-73.953459,POINT (-73.953459 40.689636),"{""coordinates"": [-73.953459, 40.689636], ""type"": ""Point""}"
260,R270,4478,5999,1477,2221,-0.6701652523447967,R270,N536,SMITH-9 ST,FG,IND,40.673714,-73.996139,POINT (-73.996139 40.673714),"{""coordinates"": [-73.996139, 40.673714], ""type"": ""Point""}"
261,R271,2815,1594,1086,616,-0.6142095914742451,R271,N561,AVE X,F,IND,40.589547,-73.974295,POINT (-73.974295 40.589547),"{""coordinates"": [-73.974295, 40.589547], ""type"": ""Point""}"
262,R272,14582,10224,1840,1846,-0.8738170347003155,R272,R133,28 ST,1,IRT,40.747224,-73.99336,POINT (-73.99336 40.747224),"{""coordinates"": [-73.99336, 40.747224], ""type"": ""Point""}"
263,R273,8699,7538,2949,3169,-0.6609955167260605,R273,R178,145 ST,1,IRT,40.826426,-73.950412,POINT (-73.950412 40.826426),"{""coordinates"": [-73.950412, 40.826426], ""type"": ""Point""}"
264,R274,1540,1825,588,793,-0.6181818181818182,R274,R185,191 ST,1,IRT,40.855176,-73.929384,POINT (-73.929384 40.855176),"{""coordinates"": [-73.929384, 40.855176], ""type"": ""Point""}"
265,R275,5667,3385,2969,1827,-0.4760896417857773,R275,R288,183 ST,4,IRT,40.858389,-73.903828,POINT (-73.903828 40.858389),"{""coordinates"": [-73.903828, 40.858389], ""type"": ""Point""}"
266,R276,14907,10485,3099,2751,-0.7921110887502516,R276,R504,VERNON/JACKSON,7,IRT,40.742624,-73.953545,POINT (-73.95354499999999 40.742624),"{""coordinates"": [-73.953545, 40.742624], ""type"": ""Point""}"
267,R277,3950,4574,1058,1350,-0.7321518987341772,R277,R635,PRESIDENT ST,25,IRT,40.667879,-73.950648,POINT (-73.950648 40.667879),"{""coordinates"": [-73.950648, 40.667879], ""type"": ""Point""}"
268,R278,2905,1000,884,510,-0.695697074010327,R278,C016,25 ST,R,BMT,40.660481,-73.998059,POINT (-73.998059 40.660481),"{""coordinates"": [-73.998059, 40.660481], ""type"": ""Point""}"
269,R279,7503,1748,1655,536,-0.7794215647074504,R279,H022,JEFFERSON ST,L,BMT,40.706636,-73.922925,POINT (-73.92292500000001 40.706636),"{""coordinates"": [-73.922925, 40.706636], ""type"": ""Point""}"
270,R280,3048,630,494,126,-0.8379265091863517,R280,N006A,190 ST,A,IND,40.859022,-73.93419,POINT (-73.93419 40.859022),"{""coordinates"": [-73.93419, 40.859022], ""type"": ""Point""}"
271,R281,7273,7173,1171,1282,-0.8389935377423346,R281,N046,72 ST,BC,IND,40.775545,-73.976398,POINT (-73.976398 40.775545),"{""coordinates"": [-73.976398, 40.775545], ""type"": ""Point""}"
272,R282,13274,2720,1662,475,-0.8747928280849782,R282,N086,SPRING ST,CE,IND,40.726202,-74.003627,POINT (-74.00362700000001 40.726202),"{""coordinates"": [-74.003627, 40.726202], ""type"": ""Point""}"
273,R283,2240,1731,951,498,-0.5754464285714286,R283,N110,LAFAYETTE AVE,C,IND,40.68617,-73.973908,POINT (-73.97390799999999 40.68617),"{""coordinates"": [-73.973908, 40.68617], ""type"": ""Point""}"
274,R284,7471,5734,1261,1552,-0.8312140275732833,R284,N111,CLINTON-WASH AV,C,IND,40.683263,-73.965838,POINT (-73.96583800000001 40.683263),"{""coordinates"": [-73.965838, 40.683263], ""type"": ""Point""}"
275,R285,4626,4900,2313,2648,-0.5,R285,N196,FAR ROCKAWAY,A,IND,40.603983,-73.755383,POINT (-73.75538299999999 40.603983),"{""coordinates"": [-73.755383, 40.603983], ""type"": ""Point""}"
276,R286,6174,3419,1805,1093,-0.7076449627470036,R286,N415,MYRTLE-WILLOUGH,G,IND,40.694568,-73.949046,POINT (-73.949046 40.694568),"{""coordinates"": [-73.949046, 40.694568], ""type"": ""Point""}"
277,R287,5904,5738,1231,1362,-0.7914972899728997,R287,N419,CLASSON AVE,G,IND,40.688855,-73.960025,POINT (-73.960025 40.688855),"{""coordinates"": [-73.960025, 40.688855], ""type"": ""Point""}"
278,R288,12190,6364,2016,1488,-0.8346185397867104,R288,N539A,7 AV-PARK SLOPE,FG,IND,40.666276,-73.980324,POINT (-73.980324 40.666276),"{""coordinates"": [-73.980324, 40.666276], ""type"": ""Point""}"
279,R289,5893,2178,845,375,-0.8566095367385033,R289,N543,FT HAMILTON PKY,FG,IND,40.650722,-73.975818,POINT (-73.975818 40.65072199999999),"{""coordinates"": [-73.975818, 40.650722], ""type"": ""Point""}"
280,R290,14412,9629,2081,1534,-0.8556064390785456,R290,R123,HOUSTON ST,1,IRT,40.728202,-74.005344,POINT (-74.00534399999999 40.728202),"{""coordinates"": [-74.005344, 40.728202], ""type"": ""Point""}"
281,R291,9457,8491,1905,1996,-0.7985619118113567,R291,R516,33 ST/RAWSON ST,7,IRT,40.744558,-73.930993,POINT (-73.930993 40.744558),"{""coordinates"": [-73.930993, 40.744558], ""type"": ""Point""}"
282,R292,3901,594,1594,516,-0.5913868238913099,R292,R729,BAYCHESTER AVE,5,IRT,40.878656,-73.838596,POINT (-73.838596 40.878656),"{""coordinates"": [-73.838596, 40.878656], ""type"": ""Point""}"
283,R293,41983,42726,7757,8503,-0.8152347378700903,R293,R138,34 ST-PENN STA,123ACE,IRT,40.750264,-73.992984,POINT (-73.99298399999999 40.750264),"{""coordinates"": [-73.992984, 40.750264], ""type"": ""Point""}"
284,R294,6967,4200,1398,1371,-0.799339744509832,R294,H019,MORGAN AVE,L,BMT,40.706148,-73.93316,POINT (-73.93316 40.706148),"{""coordinates"": [-73.93316, 40.706148], ""type"": ""Point""}"
285,R295,4540,3938,1348,1302,-0.7030837004405286,R295,H032,WILSON AVE,L,BMT,40.688676,-73.903999,POINT (-73.903999 40.688676),"{""coordinates"": [-73.903999, 40.688676], ""type"": ""Point""}"
286,R296,4617,4261,1447,1648,-0.6865930257743124,R296,N016A,163 ST-AMSTERDM,C,IND,40.835957,-73.939898,POINT (-73.939898 40.835957),"{""coordinates"": [-73.939898, 40.835957], ""type"": ""Point""}"
287,R297,6680,6720,1750,2343,-0.7380239520958084,R297,N113,FRANKLIN AVE,ACS,IND,40.681159,-73.956056,POINT (-73.956056 40.681159),"{""coordinates"": [-73.956056, 40.681159], ""type"": ""Point""}"
288,R298,6583,5748,2274,2107,-0.6545647880905362,R298,N318,NORTHERN BLVD,MR,IND,40.752898,-73.905973,POINT (-73.905973 40.75289799999999),"{""coordinates"": [-73.905973, 40.752898], ""type"": ""Point""}"
289,R299,5161,4007,1829,1472,-0.6456113156365045,R299,N412,BROADWAY,G,IND,40.7061,-73.950348,POINT (-73.95034799999999 40.7061),"{""coordinates"": [-73.950348, 40.7061], ""type"": ""Point""}"
290,R300,17069,18329,2730,3421,-0.8400609291698401,R300,N523,2 AVE,F,IND,40.723291,-73.989873,POINT (-73.989873 40.723291),"{""coordinates"": [-73.989873, 40.723291], ""type"": ""Point""}"
291,R301,11698,5737,2080,1651,-0.8221918276628484,R301,N530,YORK ST,F,IND,40.699756,-73.98689,POINT (-73.98689 40.699756),"{""coordinates"": [-73.98689, 40.699756], ""type"": ""Point""}"
292,R302,14916,14430,2163,2229,-0.8549879324215608,R302,N600,57 ST,F,IND,40.763625,-73.977449,POINT (-73.97744899999999 40.763625),"{""coordinates"": [-73.977449, 40.763625], ""type"": ""Point""}"
293,R303,10711,7255,3716,3190,-0.6530669405284287,R303,N603,21 ST,F,IND,40.7541,-73.94258,POINT (-73.94258000000001 40.7541),"{""coordinates"": [-73.94258, 40.7541], ""type"": ""Point""}"
294,R304,7639,5238,868,730,-0.8863725618536458,R304,R103,RECTOR ST,1,IRT,40.70784,-74.013691,POINT (-74.01369100000001 40.70784),"{""coordinates"": [-74.013691, 40.70784], ""type"": ""Point""}"
295,R305,12079,11276,1355,1445,-0.8878218395562547,R305,R107,CORTLANDT ST,1,IRT,40.710454,-74.011324,POINT (-74.011324 40.710454),"{""coordinates"": [-74.011324, 40.710454], ""type"": ""Point""}"
296,R306,4184,423,1384,206,-0.6692160611854685,R306,R196,238 ST,1,IRT,40.884821,-73.900759,POINT (-73.90075899999999 40.884821),"{""coordinates"": [-73.900759, 40.884821], ""type"": ""Point""}"
297,R307,1948,1167,940,693,-0.5174537987679672,R307,R259,138 ST-GR CONC,45,IRT,40.813208,-73.929877,POINT (-73.929877 40.813208),"{""coordinates"": [-73.929877, 40.813208], ""type"": ""Point""}"
298,R308,5028,3050,2601,1952,-0.48269689737470167,R308,R285,MT EDEN AVE,4,IRT,40.844406,-73.914621,POINT (-73.914621 40.844406),"{""coordinates"": [-73.914621, 40.844406], ""type"": ""Point""}"
299,R309,5712,3530,2803,2026,-0.5092787114845938,R309,R286,176 ST,4,IRT,40.848635,-73.912497,POINT (-73.912497 40.84863499999999),"{""coordinates"": [-73.912497, 40.848635], ""type"": ""Point""}"
300,R310,11371,7243,5208,3477,-0.54199278867294,R310,R530,111 ST,7,IRT,40.75176,-73.855183,POINT (-73.855183 40.75176),"{""coordinates"": [-73.855183, 40.75176], ""type"": ""Point""}"
301,R311,3686,3572,763,879,-0.7930005425935974,R311,A064,BOWERY,JZ,BMT,40.720315,-73.994014,POINT (-73.99401400000001 40.720315),"{""coordinates"": [-73.994014, 40.720315], ""type"": ""Point""}"
302,R312,2276,1363,840,672,-0.6309314586994728,R312,G011,W 8 ST-AQUARIUM,FQ,BMT,40.576152,-73.975925,POINT (-73.975925 40.576152),"{""coordinates"": [-73.975925, 40.576152], ""type"": ""Point""}"
303,R313,2128,1448,708,617,-0.6672932330827067,R313,H033,BUSHWICK AVE,L,BMT,40.682558,-73.905501,POINT (-73.905501 40.682558),"{""coordinates"": [-73.905501, 40.682558], ""type"": ""Point""}"
304,R314,4484,3139,1233,1012,-0.7250223015165032,R314,N037,103 ST,BC,IND,40.796105,-73.961399,POINT (-73.961399 40.796105),"{""coordinates"": [-73.961399, 40.796105], ""type"": ""Point""}"
305,R315,3603,2069,1595,1058,-0.5573133499861227,R315,N202,155 ST,BD,IND,40.829934,-73.938632,POINT (-73.938632 40.829934),"{""coordinates"": [-73.938632, 40.829934], ""type"": ""Point""}"
306,R316,2525,2644,1094,1250,-0.5667326732673267,R316,N414,FLUSHING AVE,G,IND,40.700374,-73.950284,POINT (-73.950284 40.700374),"{""coordinates"": [-73.950284, 40.700374], ""type"": ""Point""}"
307,R317,5447,3164,811,510,-0.8511107031393428,R317,N420B,CLINTON-WASH AV,G,IND,40.688123,-73.966742,POINT (-73.96674200000001 40.688123),"{""coordinates"": [-73.966742, 40.688123], ""type"": ""Point""}"
308,R318,6688,5374,1291,1361,-0.8069677033492823,R318,N422,FULTON ST,G,IND,40.68713,-73.975346,POINT (-73.975346 40.68713),"{""coordinates"": [-73.975346, 40.68713], ""type"": ""Point""}"
309,R319,18629,20210,3862,4137,-0.7926888185087766,R319,N601,LEXINGTON AVE,F,IND,40.764763,-73.966291,POINT (-73.966291 40.764763),"{""coordinates"": [-73.966291, 40.764763], ""type"": ""Point""}"
310,R320,6115,5839,591,699,-0.9033524121013901,R320,R119,CANAL ST,1,IRT,40.722819,-74.006267,POINT (-74.00626700000001 40.722819),"{""coordinates"": [-74.006267, 40.722819], ""type"": ""Point""}"
311,R321,7750,5307,875,769,-0.8870967741935484,R321,R129,18 ST,1,IRT,40.741096,-73.997877,POINT (-73.997877 40.741096),"{""coordinates"": [-73.997877, 40.741096], ""type"": ""Point""}"
312,R322,9674,11666,1106,1502,-0.8856729377713459,R322,R215,SPRING ST,6,IRT,40.722397,-73.997211,POINT (-73.99721099999999 40.72239699999999),"{""coordinates"": [-73.997211, 40.722397], ""type"": ""Point""}"
313,R323,8070,7549,2754,3286,-0.6587360594795539,R323,R301,110 ST-CPN,23,IRT,40.79911,-73.951807,POINT (-73.95180699999999 40.79911),"{""coordinates"": [-73.951807, 40.79911], ""type"": ""Point""}"
314,R324,10537,5523,3396,2523,-0.6777071272658252,R324,R303,116 ST,23,IRT,40.802098,-73.949625,POINT (-73.949625 40.802098),"{""coordinates"": [-73.949625, 40.802098], ""type"": ""Point""}"
315,R325,1931,2079,907,1088,-0.5302951838425686,R325,R413,WHITLOCK AVE,6,IRT,40.826508,-73.886425,POINT (-73.886425 40.826508),"{""coordinates"": [-73.886425, 40.826508], ""type"": ""Point""}"
316,R326,2604,2662,950,1016,-0.6351766513056836,R326,R419,ZEREGA AVE,6,IRT,40.83646,-73.846471,POINT (-73.84647099999999 40.83646),"{""coordinates"": [-73.846471, 40.83646], ""type"": ""Point""}"
317,R327,6176,5815,1740,1666,-0.7182642487046632,R327,R521,52 ST-LINCOLN,7,IRT,40.744103,-73.912497,POINT (-73.912497 40.744103),"{""coordinates"": [-73.912497, 40.744103], ""type"": ""Point""}"
318,R328,2406,2209,856,1072,-0.6442227763923525,R328,R532,METS-WILLETS PT,7,IRT,40.754622,-73.845625,POINT (-73.845625 40.754622),"{""coordinates"": [-73.845625, 40.754622], ""type"": ""Point""}"
319,R329,2461,2451,758,816,-0.6919951239333604,R329,R726,MORRIS PARK,5,IRT,40.854137,-73.860977,POINT (-73.86097700000001 40.854137),"{""coordinates"": [-73.860977, 40.854137], ""type"": ""Point""}"
320,R330,6514,6835,1427,1415,-0.7809333742708013,R330,H005,3 AVE,L,BMT,40.733243,-73.987169,POINT (-73.98716899999999 40.733243),"{""coordinates"": [-73.987169, 40.733243], ""type"": ""Point""}"
321,R331,2926,2367,867,759,-0.7036910457963089,R331,N017,155 ST,C,IND,40.830551,-73.941486,POINT (-73.941486 40.830551),"{""coordinates"": [-73.941486, 40.830551], ""type"": ""Point""}"
322,R332,5888,4652,1475,1301,-0.7494904891304348,R332,N024,135 ST,BC,IND,40.817902,-73.947644,POINT (-73.947644 40.817902),"{""coordinates"": [-73.947644, 40.817902], ""type"": ""Point""}"
323,R333,7322,5443,1967,2129,-0.731357552581262,R333,N030,116 ST,BC,IND,40.805072,-73.954833,POINT (-73.95483299999999 40.805072),"{""coordinates"": [-73.954833, 40.805072], ""type"": ""Point""}"
324,R334,6846,3561,1773,1198,-0.7410166520595969,R334,N035,CATHEDRL-110 ST,BC,IND,40.800637,-73.958201,POINT (-73.958201 40.800637),"{""coordinates"": [-73.958201, 40.800637], ""type"": ""Point""}"
325,R335,2269,1682,1070,850,-0.5284266196562363,R335,N191,BEACH 67 ST,A,IND,40.590867,-73.797011,POINT (-73.797011 40.590867),"{""coordinates"": [-73.797011, 40.590867], ""type"": ""Point""}"
326,R336,2063,1611,1033,767,-0.4992729035385361,R336,N192,BEACH 60 ST,A,IND,40.592334,-73.788493,POINT (-73.788493 40.592334),"{""coordinates"": [-73.788493, 40.592334], ""type"": ""Point""}"
327,R337,736,779,402,454,-0.453804347826087,R337,N193,BEACH 44 ST,A,IND,40.593214,-73.776433,POINT (-73.776433 40.593214),"{""coordinates"": [-73.776433, 40.593214], ""type"": ""Point""}"
328,R338,1010,1129,485,495,-0.5198019801980198,R338,N194,BEACH 36 ST,A,IND,40.595381,-73.768194,POINT (-73.76819399999999 40.595381),"{""coordinates"": [-73.768194, 40.595381], ""type"": ""Point""}"
329,R339,4499,3265,1228,1045,-0.7270504556568126,R339,N312,36 ST,MR,IND,40.75202,-73.92874,POINT (-73.92874 40.75202),"{""coordinates"": [-73.92874, 40.75202], ""type"": ""Point""}"
330,R340,3432,2496,1124,943,-0.6724941724941725,R340,N322,65 ST,MR,IND,40.749663,-73.898485,POINT (-73.89848499999999 40.749663),"{""coordinates"": [-73.898485, 40.749663], ""type"": ""Point""}"
331,R341,3113,494,639,223,-0.7947317699967876,R341,N334B,75 AVE,EF,IND,40.718477,-73.837223,POINT (-73.83722299999999 40.718477),"{""coordinates"": [-73.837223, 40.718477], ""type"": ""Point""}"
332,R342,4405,4779,1764,2046,-0.5995459704880817,R342,N604,JAMAICA-VAN WYC,E,IND,40.702566,-73.816859,POINT (-73.81685899999999 40.702566),"{""coordinates"": [-73.816859, 40.702566], ""type"": ""Point""}"
333,R343,5133,2962,570,450,-0.8889538281706605,R343,R117,FRANKLIN ST,1,IRT,40.719323,-74.006953,POINT (-74.006953 40.719323),"{""coordinates"": [-74.006953, 40.719323], ""type"": ""Point""}"
334,R344,3556,243,1357,137,-0.6183914510686164,R344,R308,145 ST,3,IRT,40.820402,-73.936315,POINT (-73.93631500000001 40.820402),"{""coordinates"": [-73.936315, 40.820402], ""type"": ""Point""}"
335,R345,3800,3816,1330,1311,-0.65,R345,R309,148 ST-LENOX,3,IRT,40.823877,-73.936443,POINT (-73.93644300000001 40.823877),"{""coordinates"": [-73.936443, 40.823877], ""type"": ""Point""}"
336,R346,4601,5729,1730,1922,-0.6239947837426646,R346,R508,COURT SQ,7,IRT,40.747029,-73.94537,POINT (-73.94537 40.747029),"{""coordinates"": [-73.94537, 40.747029], ""type"": ""Point""}"
337,R347,4931,5295,1809,1910,-0.6331372946663962,R347,R524,69 ST-FISK AVE,7,IRT,40.746325,-73.896403,POINT (-73.89640300000001 40.746325),"{""coordinates"": [-73.896403, 40.746325], ""type"": ""Point""}"
338,R348,1808,726,827,418,-0.5425884955752213,R348,H035,ATLANTIC AVE,L,BMT,40.675496,-73.902819,POINT (-73.90281899999999 40.675496),"{""coordinates"": [-73.902819, 40.675496], ""type"": ""Point""}"
339,R349,3463,2813,1747,2070,-0.4955241120415824,R349,H037,SUTTER AVE,L,BMT,40.669376,-73.902047,POINT (-73.902047 40.669376),"{""coordinates"": [-73.902047, 40.669376], ""type"": ""Point""}"
340,R350,3162,2446,1494,1301,-0.5275142314990512,R350,H038,LIVONIA AVE,L,BMT,40.663801,-73.900444,POINT (-73.90044399999999 40.663801),"{""coordinates"": [-73.900444, 40.663801], ""type"": ""Point""}"
341,R352,3468,3208,973,848,-0.7194348327566321,R352,J003,HEWES ST,JM,BMT,40.706994,-73.953481,POINT (-73.95348100000001 40.706994),"{""coordinates"": [-73.953481, 40.706994], ""type"": ""Point""}"
342,R353,5333,4030,1766,1484,-0.6688543033939621,R353,J005,LORIMER ST,JM,BMT,40.703855,-73.947387,POINT (-73.94738700000001 40.703855),"{""coordinates"": [-73.947387, 40.703855], ""type"": ""Point""}"
343,R354,1491,659,568,221,-0.6190476190476191,R354,N137,OXFORD-104 ST,A,IND,40.681745,-73.837631,POINT (-73.837631 40.681745),"{""coordinates"": [-73.837631, 40.681745], ""type"": ""Point""}"
344,R355,2524,926,1036,346,-0.589540412044374,R355,N139,GREENWOOD-111,A,IND,40.684364,-73.832181,POINT (-73.83218100000001 40.684364),"{""coordinates"": [-73.832181, 40.684364], ""type"": ""Point""}"
345,R356,7194,5839,3316,2801,-0.5390603280511538,R356,N141,LEFFERTS BLVD,A,IND,40.685975,-73.824713,POINT (-73.824713 40.685975),"{""coordinates"": [-73.824713, 40.685975], ""type"": ""Point""}"
346,R357,873,1697,326,345,-0.6265750286368843,R357,N181,AQUEDUCT-N CNDT,A,IND,40.668234,-73.834058,POINT (-73.834058 40.66823400000001),"{""coordinates"": [-73.834058, 40.668234], ""type"": ""Point""}"
347,R358,1836,2123,797,908,-0.5659041394335512,R358,N195,BEACH 25 ST,A,IND,40.600138,-73.76152,POINT (-73.76151999999999 40.600138),"{""coordinates"": [-73.76152, 40.600138], ""type"": ""Point""}"
348,R359,15531,12238,3157,2920,-0.7967291224003605,R359,N307,COURT SQ-23 ST,EMG,IND,40.747257,-73.945112,POINT (-73.94511199999999 40.747257),"{""coordinates"": [-73.945112, 40.747257], ""type"": ""Point""}"
349,R360,1662,1858,521,656,-0.6865222623345367,R360,N401,VAN ALSTON-21ST,G,IND,40.743973,-73.949876,POINT (-73.949876 40.743973),"{""coordinates"": [-73.949876, 40.743973], ""type"": ""Point""}"
350,R361,8532,4076,3856,2252,-0.5480543834974215,R361,R328,PELHAM PARKWAY,25,IRT,40.857188,-73.867607,POINT (-73.86760699999999 40.857188),"{""coordinates"": [-73.867607, 40.857188], ""type"": ""Point""}"
351,R362,5378,2246,2637,1361,-0.5096690219412421,R362,R329,ALLERTON AVE,25,IRT,40.865481,-73.867393,POINT (-73.86739300000001 40.865481),"{""coordinates"": [-73.867393, 40.865481], ""type"": ""Point""}"
352,R363,3405,1568,1564,771,-0.5406754772393539,R363,R330,BURKE AVE,25,IRT,40.871387,-73.867135,POINT (-73.867135 40.871387),"{""coordinates"": [-73.867135, 40.871387], ""type"": ""Point""}"
353,R364,7276,8067,3636,4119,-0.5002748763056625,R364,R331,GUN HILL ROAD,25,IRT,40.877796,-73.866255,POINT (-73.86625500000001 40.877796),"{""coordinates"": [-73.866255, 40.877796], ""type"": ""Point""}"
354,R365,3218,1788,1521,914,-0.5273461777501554,R365,R332,219 ST,25,IRT,40.883767,-73.862736,POINT (-73.862736 40.883767),"{""coordinates"": [-73.862736, 40.883767], ""type"": ""Point""}"
355,R366,2855,1751,1413,943,-0.5050788091068301,R366,R333,225 ST,25,IRT,40.887887,-73.860505,POINT (-73.860505 40.887887),"{""coordinates"": [-73.860505, 40.887887], ""type"": ""Point""}"
356,R367,4722,1572,2407,992,-0.4902583650995341,R367,R334,233 ST,25,IRT,40.893386,-73.857265,POINT (-73.857265 40.893386),"{""coordinates"": [-73.857265, 40.893386], ""type"": ""Point""}"
357,R368,5353,5448,1831,1921,-0.6579488137492995,R368,E001,9 AVE,D,BMT,40.646343,-73.994551,POINT (-73.994551 40.646343),"{""coordinates"": [-73.994551, 40.646343], ""type"": ""Point""}"
358,R369,3862,2412,1713,1028,-0.5564474365613672,R369,E003,FT HAMILTON PKY,D,BMT,40.640872,-73.994229,POINT (-73.994229 40.64087199999999),"{""coordinates"": [-73.994229, 40.640872], ""type"": ""Point""}"
359,R370,5071,1628,1759,600,-0.6531256162492605,R370,E009,71 ST,D,BMT,40.619588,-73.998842,POINT (-73.99884200000001 40.619588),"{""coordinates"": [-73.998842, 40.619588], ""type"": ""Point""}"
360,R371,6027,2070,1984,614,-0.6708146673303468,R371,E011,79 ST,D,BMT,40.613513,-74.000645,POINT (-74.00064499999999 40.613513),"{""coordinates"": [-74.000645, 40.613513], ""type"": ""Point""}"
361,R372,6048,1605,2171,703,-0.6410383597883598,R372,E012,18 AVE,D,BMT,40.607958,-74.001782,POINT (-74.00178199999999 40.607958),"{""coordinates"": [-74.001782, 40.607958], ""type"": ""Point""}"
362,R373,5068,1343,1701,568,-0.664364640883978,R373,E013,20 AVE,D,BMT,40.604798,-73.998456,POINT (-73.998456 40.604798),"{""coordinates"": [-73.998456, 40.604798], ""type"": ""Point""}"
363,R374,7520,7096,2708,2736,-0.6398936170212766,R374,E014,BAY PARKWAY,D,BMT,40.601898,-73.993821,POINT (-73.993821 40.601898),"{""coordinates"": [-73.993821, 40.601898], ""type"": ""Point""}"
364,R375,4152,4513,2205,2490,-0.4689306358381503,R375,H039,NEW LOTS AVE,L,BMT,40.658748,-73.899472,POINT (-73.899472 40.658748),"{""coordinates"": [-73.899472, 40.658748], ""type"": ""Point""}"
365,R376,3326,3400,1609,1888,-0.5162357185808779,R376,H040,EAST 105 ST,L,BMT,40.650625,-73.899558,POINT (-73.899558 40.650625),"{""coordinates"": [-73.899558, 40.650625], ""type"": ""Point""}"
366,R377,8791,5340,3532,2551,-0.598225457854624,R377,J007,FLUSHING AVE,JM,BMT,40.700244,-73.941658,POINT (-73.94165799999999 40.700244),"{""coordinates"": [-73.941658, 40.700244], ""type"": ""Point""}"
367,R378,12379,7405,3618,3125,-0.7077308344777445,R378,J009,MYRTLE AVE,JMZ,BMT,40.697266,-73.935692,POINT (-73.935692 40.697266),"{""coordinates"": [-73.935692, 40.697266], ""type"": ""Point""}"
368,R379,5788,2068,1580,1062,-0.7270214236351071,R379,J012,KOSCIUSZKO ST,J,BMT,40.693329,-73.928826,POINT (-73.928826 40.693329),"{""coordinates"": [-73.928826, 40.693329], ""type"": ""Point""}"
369,R380,7389,3282,2169,1116,-0.7064555420219245,R380,J013,GATES AVE,JZ,BMT,40.689652,-73.922281,POINT (-73.92228100000001 40.689652),"{""coordinates"": [-73.922281, 40.689652], ""type"": ""Point""}"
370,R381,6430,3192,2048,1173,-0.68149300155521,R381,J016,HALSEY ST,J,BMT,40.68617,-73.916337,POINT (-73.916337 40.68617),"{""coordinates"": [-73.916337, 40.68617], ""type"": ""Point""}"
371,R382,5841,4967,2507,2333,-0.5707926724875877,R382,N129,GRANT AVE,A,IND,40.677107,-73.865376,POINT (-73.865376 40.677107),"{""coordinates"": [-73.865376, 40.677107], ""type"": ""Point""}"
372,R383,4154,2357,1466,819,-0.6470871449205585,R383,N131,HUDSON-80 ST,A,IND,40.679369,-73.85896,POINT (-73.85896 40.679369),"{""coordinates"": [-73.85896, 40.679369], ""type"": ""Point""}"
373,R384,2777,1209,1050,431,-0.6218941303564999,R384,N133,BOYD-88 ST,A,IND,40.679857,-73.851492,POINT (-73.85149200000001 40.679857),"{""coordinates"": [-73.851492, 40.679857], ""type"": ""Point""}"
374,R385,7406,2235,3051,959,-0.5880367269781258,R385,N134,ROCKAWAY BLVD,A,IND,40.680429,-73.843853,POINT (-73.843853 40.680429),"{""coordinates"": [-73.843853, 40.680429], ""type"": ""Point""}"
375,R386,5073,5342,2461,2921,-0.514882712398975,R386,R322,174 ST,25,IRT,40.837382,-73.887659,POINT (-73.887659 40.837382),"{""coordinates"": [-73.887659, 40.837382], ""type"": ""Point""}"
376,R387,5215,3807,2450,2714,-0.5302013422818792,R387,R323,E TREMONT AVE,25,IRT,40.840097,-73.879774,POINT (-73.879774 40.840097),"{""coordinates"": [-73.879774, 40.840097], ""type"": ""Point""}"
377,R388,7631,6933,3566,3347,-0.5326955838029092,R388,R325,E 180 ST,25,IRT,40.841882,-73.873551,POINT (-73.87355100000001 40.841882),"{""coordinates"": [-73.873551, 40.841882], ""type"": ""Point""}"
378,R389,2648,1212,1102,566,-0.5838368580060423,R389,R326,BRONX PARK EAST,25,IRT,40.848797,-73.868465,POINT (-73.868465 40.848797),"{""coordinates"": [-73.868465, 40.848797], ""type"": ""Point""}"
379,R390,9424,10238,2431,2731,-0.7420415959252971,R390,D002,8 AVE,N,BMT,40.635011,-74.011717,POINT (-74.011717 40.635011),"{""coordinates"": [-74.011717, 40.635011], ""type"": ""Point""}"
380,R391,6037,3485,1563,936,-0.7410965711446083,R391,D003,FT HAMILTON PKY,N,BMT,40.631428,-74.005387,POINT (-74.005387 40.631428),"{""coordinates"": [-74.005387, 40.631428], ""type"": ""Point""}"
381,R392,3422,3301,1350,1172,-0.6054938632378726,R392,D008,18 AVE,N,BMT,40.620728,-73.990388,POINT (-73.990388 40.620728),"{""coordinates"": [-73.990388, 40.620728], ""type"": ""Point""}"
382,R393,3714,3795,1053,898,-0.7164781906300485,R393,D009,20 AVE,N,BMT,40.617373,-73.985088,POINT (-73.985088 40.617373),"{""coordinates"": [-73.985088, 40.617373], ""type"": ""Point""}"
383,R394,4864,3933,1915,1355,-0.6062911184210527,R394,D010,BAY PKY-22 AVE,N,BMT,40.612006,-73.982009,POINT (-73.98200899999999 40.612006),"{""coordinates"": [-73.982009, 40.612006], ""type"": ""Point""}"
384,R395,4625,4844,1646,1743,-0.6441081081081081,R395,D012,KINGS HIGHWAY,N,BMT,40.603967,-73.980668,POINT (-73.98066800000001 40.603967),"{""coordinates"": [-73.980668, 40.603967], ""type"": ""Point""}"
385,R396,3389,2609,1146,913,-0.6618471525523754,R396,D015,AVE U,N,BMT,40.597482,-73.979359,POINT (-73.979359 40.597482),"{""coordinates"": [-73.979359, 40.597482], ""type"": ""Point""}"
386,R397,2461,2429,952,1033,-0.613165379926859,R397,D016,86 ST,N,BMT,40.592676,-73.978243,POINT (-73.97824300000001 40.592676),"{""coordinates"": [-73.978243, 40.592676], ""type"": ""Point""}"
387,R398,4816,3572,1757,1444,-0.6351744186046512,R398,D005,NEW UTRECHT AVE,ND,BMT,40.625419,-73.996632,POINT (-73.99663199999999 40.625419),"{""coordinates"": [-73.996632, 40.625419], ""type"": ""Point""}"
388,R399,4873,1097,1392,368,-0.7143443463985225,R399,E015,25 AVE,D,BMT,40.597873,-73.986955,POINT (-73.98695500000001 40.597873),"{""coordinates"": [-73.986955, 40.597873], ""type"": ""Point""}"
389,R400,2743,680,975,175,-0.6445497630331753,R400,E016,BAY 50 ST,D,BMT,40.588879,-73.983629,POINT (-73.98362900000001 40.588879),"{""coordinates"": [-73.983629, 40.588879], ""type"": ""Point""}"
390,R401,4853,4943,1063,1153,-0.7809602307850814,R401,K017,CENTRAL AVE,M,BMT,40.697673,-73.927131,POINT (-73.927131 40.69767299999999),"{""coordinates"": [-73.927131, 40.697673], ""type"": ""Point""}"
391,R402,3341,3671,1125,1136,-0.6632744687219395,R402,K022,SENECA AVE,M,BMT,40.702798,-73.907776,POINT (-73.907776 40.702798),"{""coordinates"": [-73.907776, 40.702798], ""type"": ""Point""}"
392,R403,4525,3519,1462,1277,-0.6769060773480663,R403,K024,FOREST AVE,M,BMT,40.704424,-73.903077,POINT (-73.903077 40.704424),"{""coordinates"": [-73.903077, 40.704424], ""type"": ""Point""}"
393,R404,6190,6528,2141,2348,-0.6541195476575121,R404,K025,FRESH POND ROAD,M,BMT,40.706181,-73.89591,POINT (-73.89591 40.706181),"{""coordinates"": [-73.89591, 40.706181], ""type"": ""Point""}"
394,R405,5360,1104,2090,479,-0.6100746268656716,R405,R312,JACKSON AVE,25,IRT,40.816505,-73.907797,POINT (-73.907797 40.816505),"{""coordinates"": [-73.907797, 40.816505], ""type"": ""Point""}"
395,R406,7449,2504,3173,1157,-0.5740367834608673,R406,R314,PROSPECT AVE,25,IRT,40.819396,-73.901467,POINT (-73.90146700000001 40.819396),"{""coordinates"": [-73.901467, 40.819396], ""type"": ""Point""}"
396,R407,3144,3146,1405,1385,-0.553117048346056,R407,R316,INTERVALE-163,25,IRT,40.822172,-73.896747,POINT (-73.89674699999999 40.82217199999999),"{""coordinates"": [-73.896747, 40.822172], ""type"": ""Point""}"
397,R408,8518,2776,3946,1408,-0.5367457149565625,R408,R318,SIMPSON ST,25,IRT,40.82417,-73.893228,POINT (-73.89322800000001 40.82417),"{""coordinates"": [-73.893228, 40.82417], ""type"": ""Point""}"
398,R409,3678,2527,1906,1741,-0.4817835780315389,R409,R320,FREEMAN ST,25,IRT,40.829966,-73.891876,POINT (-73.891876 40.829966),"{""coordinates"": [-73.891876, 40.829966], ""type"": ""Point""}"
399,R411,1737,1936,479,615,-0.724237190558434,R411,B009,PARK PLACE,S,BMT,40.67491,-73.957794,POINT (-73.95779399999999 40.67491),"{""coordinates"": [-73.957794, 40.67491], ""type"": ""Point""}"
400,R412,1545,2074,375,619,-0.7572815533980582,R412,B010,BOTANIC GARDEN,S2345,BMT,40.670499,-73.958759,POINT (-73.958759 40.670499),"{""coordinates"": [-73.958759, 40.670499], ""type"": ""Point""}"
401,R413,4997,5604,1551,1854,-0.6896137682609566,R413,K019,KNICKERBOCKER,M,BMT,40.698666,-73.919685,POINT (-73.919685 40.698666),"{""coordinates"": [-73.919685, 40.698666], ""type"": ""Point""}"
402,R414,2208,501,722,200,-0.6730072463768116,R414,N182,HOWARD BCH-JFK,A,IND,40.660476,-73.830301,POINT (-73.83030100000001 40.660476),"{""coordinates"": [-73.830301, 40.660476], ""type"": ""Point""}"
403,R415,307,74,90,56,-0.7068403908794788,R415,N183,BROAD CHANNEL,AS,IND,40.608693,-73.816068,POINT (-73.816068 40.608693),"{""coordinates"": [-73.816068, 40.608693], ""type"": ""Point""}"
404,R416,738,739,311,379,-0.5785907859078591,R416,N184,BEACH 90 ST,AS,IND,40.588032,-73.813684,POINT (-73.81368399999999 40.588032),"{""coordinates"": [-73.813684, 40.588032], ""type"": ""Point""}"
405,R417,450,492,166,205,-0.6311111111111111,R417,N185,BEACH 98 ST,AS,IND,40.585514,-73.820143,POINT (-73.820143 40.585514),"{""coordinates"": [-73.820143, 40.585514], ""type"": ""Point""}"
406,R418,222,314,65,118,-0.7072072072072072,R418,N186,BEACH 105 ST,AS,IND,40.583542,-73.82643,POINT (-73.82643 40.583542),"{""coordinates"": [-73.82643, 40.583542], ""type"": ""Point""}"
407,R419,688,792,343,485,-0.501453488372093,R419,N187,ROCKAWAY PK 116,AS,IND,40.580454,-73.837459,POINT (-73.837459 40.580454),"{""coordinates"": [-73.837459, 40.580454], ""type"": ""Point""}"
408,R420,4105,2164,1489,863,-0.6372716199756394,R420,N548,DITMAS AVE,F,IND,40.63615,-73.978179,POINT (-73.978179 40.63615),"{""coordinates"": [-73.978179, 40.63615], ""type"": ""Point""}"
409,R421,1482,655,547,290,-0.6309041835357625,R421,N551,AVE I,F,IND,40.625305,-73.975732,POINT (-73.97573199999999 40.625305),"{""coordinates"": [-73.975732, 40.625305], ""type"": ""Point""}"
410,R422,1281,457,489,184,-0.6182669789227166,R422,N553,22 AVE-BAY PKY,F,IND,40.620907,-73.975453,POINT (-73.975453 40.620907),"{""coordinates"": [-73.975453, 40.620907], ""type"": ""Point""}"
411,R423,3137,1180,1154,408,-0.6321326107746255,R423,N555,AVE N,F,IND,40.615174,-73.974166,POINT (-73.974166 40.615174),"{""coordinates"": [-73.974166, 40.615174], ""type"": ""Point""}"
412,R424,2536,1217,973,619,-0.6163249211356467,R424,N556,AVE P,F,IND,40.609147,-73.972986,POINT (-73.97298599999999 40.609147),"{""coordinates"": [-73.972986, 40.609147], ""type"": ""Point""}"
413,R425,1933,744,744,312,-0.6151060527677186,R425,N559,AVE U,F,IND,40.596065,-73.973329,POINT (-73.97332900000001 40.596065),"{""coordinates"": [-73.973329, 40.596065], ""type"": ""Point""}"
414,R426,1542,677,542,266,-0.648508430609598,R426,N562,NEPTUNE AVE,F,IND,40.580992,-73.974531,POINT (-73.974531 40.58099199999999),"{""coordinates"": [-73.974531, 40.580992], ""type"": ""Point""}"
415,R427,2115,2075,688,716,-0.6747044917257683,R427,R421,MIDDLETOWN ROAD,6,IRT,40.843635,-73.836687,POINT (-73.836687 40.843635),"{""coordinates"": [-73.836687, 40.843635], ""type"": ""Point""}"
416,R428,3794,3822,1326,1391,-0.6505007907221929,R428,R422,BUHRE AVE,6,IRT,40.846817,-73.832545,POINT (-73.832545 40.846817),"{""coordinates"": [-73.832545, 40.846817], ""type"": ""Point""}"
417,R429,7097,3958,2693,1798,-0.6205438917852614,R429,R423,PELHAM BAY PARK,6,IRT,40.852465,-73.828125,POINT (-73.828125 40.852465),"{""coordinates"": [-73.828125, 40.852465], ""type"": ""Point""}"
418,R430,3498,2395,1138,976,-0.6746712407089765,R430,R727,PELHAM PARKWAY,5,IRT,40.858973,-73.855355,POINT (-73.855355 40.858973),"{""coordinates"": [-73.855355, 40.858973], ""type"": ""Point""}"
419,R431,4363,4475,1935,2210,-0.556497822599129,R431,R730,DYRE AVE,5,IRT,40.888244,-73.83085,POINT (-73.83085 40.888244),"{""coordinates"": [-73.83085, 40.888244], ""type"": ""Point""}"
420,R432,3325,1838,1346,699,-0.595187969924812,R432,J017,CHAUNCEY ST,JZ,BMT,40.682867,-73.91048,POINT (-73.91048000000001 40.682867),"{""coordinates"": [-73.91048, 40.682867], ""type"": ""Point""}"
421,R433,2190,2484,1212,1436,-0.4465753424657534,R433,J020,ALABAMA AVE,J,BMT,40.677107,-73.898871,POINT (-73.898871 40.677107),"{""coordinates"": [-73.898871, 40.677107], ""type"": ""Point""}"
422,R434,2735,3027,1277,1628,-0.5330895795246801,R434,J021,VAN SICLEN AVE,JZ,BMT,40.678018,-73.891726,POINT (-73.89172600000001 40.678018),"{""coordinates"": [-73.891726, 40.678018], ""type"": ""Point""}"
423,R435,3118,3372,1399,1590,-0.5513149454778704,R435,J022,CLEVELAND ST,J,BMT,40.679938,-73.884687,POINT (-73.884687 40.679938),"{""coordinates"": [-73.884687, 40.679938], ""type"": ""Point""}"
424,R436,3201,3505,1537,1742,-0.5198375507653858,R436,J023,NORWOOD AVE,JZ,BMT,40.681598,-73.880074,POINT (-73.88007399999999 40.681598),"{""coordinates"": [-73.880074, 40.681598], ""type"": ""Point""}"
425,R437,4650,5115,2150,2559,-0.5376344086021505,R437,J024,CRESCENT ST,JZ,BMT,40.683209,-73.873765,POINT (-73.87376500000001 40.68320900000001),"{""coordinates"": [-73.873765, 40.683209], ""type"": ""Point""}"
426,R438,6113,3162,2232,1456,-0.6348764927204319,R438,N121B,RALPH AVE,C,IND,40.678815,-73.920801,POINT (-73.920801 40.678815),"{""coordinates"": [-73.920801, 40.678815], ""type"": ""Point""}"
427,R439,6073,3632,2191,1627,-0.6392227893956858,R439,N122,ROCKAWAY AVE,C,IND,40.67836,-73.911939,POINT (-73.911939 40.67836),"{""coordinates"": [-73.911939, 40.67836], ""type"": ""Point""}"
428,R440,2950,1499,1201,768,-0.5928813559322034,R440,N125,LIBERTY AVE,C,IND,40.674552,-73.896554,POINT (-73.89655400000001 40.674552),"{""coordinates"": [-73.896554, 40.674552], ""type"": ""Point""}"
429,R441,3029,3088,1371,1409,-0.5473753714097062,R441,N126,VAN SICLEN AVE,C,IND,40.672786,-73.890438,POINT (-73.890438 40.672786),"{""coordinates"": [-73.890438, 40.672786], ""type"": ""Point""}"
430,R442,3183,1895,1372,1108,-0.5689601005340873,R442,N127,SHEPHERD AVE,C,IND,40.674161,-73.880761,POINT (-73.88076099999999 40.674161),"{""coordinates"": [-73.880761, 40.674161], ""type"": ""Point""}"
431,R443,7008,3734,2996,1870,-0.5724885844748858,R443,N209,170 ST,BD,IND,40.839301,-73.913355,POINT (-73.91335500000001 40.839301),"{""coordinates"": [-73.913355, 40.839301], ""type"": ""Point""}"
432,R444,3368,1400,1486,704,-0.5587885985748219,R444,R335,NEREID AVE,25,IRT,40.898382,-73.854389,POINT (-73.854389 40.898382),"{""coordinates"": [-73.854389, 40.898382], ""type"": ""Point""}"
433,R445,6776,3253,3113,1899,-0.5405844155844156,R445,R401,138 ST-3 AVE,6,IRT,40.810512,-73.926165,POINT (-73.926165 40.810512),"{""coordinates"": [-73.926165, 40.810512], ""type"": ""Point""}"
434,R446,6177,6109,2980,3323,-0.5175651610814311,R446,R402,BROOK AVE,6,IRT,40.808044,-73.919234,POINT (-73.919234 40.808044),"{""coordinates"": [-73.919234, 40.808044], ""type"": ""Point""}"
435,R447,3503,2681,1690,1569,-0.5175563802455039,R447,R404,CYPRESS AVE,6,IRT,40.805737,-73.914471,POINT (-73.91447099999999 40.805737),"{""coordinates"": [-73.914471, 40.805737], ""type"": ""Point""}"
436,R448,1209,1450,499,619,-0.587262200165426,R448,R406,E 143 ST,6,IRT,40.808742,-73.90769,POINT (-73.90769 40.808742),"{""coordinates"": [-73.90769, 40.808742], ""type"": ""Point""}"
437,R449,5626,5316,2461,2647,-0.5625666548169215,R449,R408,E 149 ST,6,IRT,40.812104,-73.904085,POINT (-73.90408499999999 40.812104),"{""coordinates"": [-73.904085, 40.812104], ""type"": ""Point""}"
438,R450,1526,1806,660,944,-0.5674967234600262,R450,R410,LONGWOOD AVE,6,IRT,40.816083,-73.89606,POINT (-73.89605999999999 40.816083),"{""coordinates"": [-73.89606, 40.816083], ""type"": ""Point""}"
439,R451,7252,1800,2570,853,-0.6456150027578599,R451,R637,WINTHROP ST,25,IRT,40.656648,-73.950198,POINT (-73.950198 40.656648),"{""coordinates"": [-73.950198, 40.656648], ""type"": ""Point""}"
440,R452,33482,34873,7014,7643,-0.7905143061943731,R452,R161B,72 ST,123,IRT,40.778575,-73.981912,POINT (-73.98191199999999 40.778575),"{""coordinates"": [-73.981912, 40.778575], ""type"": ""Point""}"
441,R453,10290,12832,1720,2560,-0.8328474246841594,R453,N508,23 ST-6 AVE,FM,IND,40.742981,-73.992727,POINT (-73.992727 40.742981),"{""coordinates"": [-73.992727, 40.742981], ""type"": ""Point""}"
442,R455,821,2126,385,905,-0.5310596833130329,R455,C017,25 ST,R,BMT,40.66043,-73.997944,POINT (-73.99794399999999 40.66043),"{""coordinates"": [-73.997944, 40.66043], ""type"": ""Point""}"
443,R456,2920,4116,614,1238,-0.7897260273972603,R456,R605,HOYT ST,23,IRT,40.690545,-73.985065,POINT (-73.98506500000001 40.690545),"{""coordinates"": [-73.985065, 40.690545], ""type"": ""Point""}"
444,R460,14095,12003,3963,3735,-0.71883646683221,R460,J002,MARCY AVE,JMZ,BMT,40.708377,-73.957751,POINT (-73.957751 40.708377),"{""coordinates"": [-73.957751, 40.708377], ""type"": ""Point""}"
445,R461,21293,29280,2409,4009,-0.8868642276804584,R461,N519,BROADWAY/LAFAY,BDFQ6,IND,40.725297,-73.996204,POINT (-73.99620400000001 40.725297),"{""coordinates"": [-73.996204, 40.725297], ""type"": ""Point""}"
446,R462,13549,12215,1628,1745,-0.8798435308878884,R462,A043,CANAL ST,JNQRZ6,BMT,40.718697,-74.000977,POINT (-74.00097700000001 40.718697),"{""coordinates"": [-74.000977, 40.718697], ""type"": ""Point""}"
447,R463,16669,13540,2831,2728,-0.83016377707121,R463,A046,CANAL ST,JNQRZ6,BMT,40.718697,-74.000977,POINT (-74.00097700000001 40.718697),"{""coordinates"": [-74.000977, 40.718697], ""type"": ""Point""}"
448,R464,1390,191,99,42,-0.9287769784172661,R464,N181A,AQUEDUCT TRACK,A,IND,40.668221,-73.834026,POINT (-73.83402599999999 40.668221),"{""coordinates"": [-73.834026, 40.668221], ""type"": ""Point""}"
449,R468,2963,45,744,16,-0.7489031387107661,R468,TRAM1,RIT-MANHATTAN,R,RIT,40.761268,-73.964016,POINT (-73.964016 40.761268),"{""coordinates"": [-73.964016, 40.761268], ""type"": ""Point""}"
450,R469,2585,69,718,49,-0.7222437137330754,R469,TRAM2,RIT-ROOSEVELT,R,RIT,40.7574,-73.954006,POINT (-73.95400600000001 40.7574),"{""coordinates"": [-73.954006, 40.7574], ""type"": ""Point""}"
451,R535,2281,2457,584,733,-0.7439719421306444,R535,JFK01,JFK HOWARD BCH,A,IND,40.660476,-73.830301,POINT (-73.83030100000001 40.660476),"{""coordinates"": [-73.830301, 40.660476], ""type"": ""Point""}"
452,R536,7691,3392,2312,1197,-0.6993888961123391,R536,JFK03,JFK JAMAICA CT1,E,IND,40.643942,-73.782356,POINT (-73.78235600000001 40.643942),"{""coordinates"": [-73.782356, 40.643942], ""type"": ""Point""}"
453,R540,53355,56335,8896,10044,-0.8332677349826633,R540,PTH08,PATH WTC,1,PTH,40.711638,-74.010708,POINT (-74.01070799999999 40.711638),"{""coordinates"": [-74.010708, 40.711638], ""type"": ""Point""}"
454,R541,29434,14595,4765,2967,-0.8381123870354013,R541,PTH17,THIRTY THIRD ST,1,PTH,40.748931,-73.988113,POINT (-73.988113 40.748931),"{""coordinates"": [-73.988113, 40.748931], ""type"": ""Point""}"
456,R542,8773,10568,919,1374,-0.8952467798928531,R542,PTH12,TWENTY THIRD ST,1,PTH,40.742933,-73.992909,POINT (-73.992909 40.742933),"{""coordinates"": [-73.992909, 40.742933], ""type"": ""Point""}"
457,R543,14472,14906,1978,2554,-0.863322277501382,R543,PTH05,EXCHANGE PLACE,1,PTH,40.716737,-74.033024,POINT (-74.033024 40.716737),"{""coordinates"": [-74.033024, 40.716737], ""type"": ""Point""}"
458,R544,7732,8334,1302,1677,-0.8316088980858769,R544,PTH02,HARRISON,1,PTH,40.738879,-74.155533,POINT (-74.15553299999999 40.738879),"{""coordinates"": [-74.155533, 40.738879], ""type"": ""Point""}"
459,R545,8543,8869,1278,1728,-0.8504038394006789,R545,PTH11,14TH STREET,1,PTH,40.737434,-73.996785,POINT (-73.996785 40.737434),"{""coordinates"": [-73.996785, 40.737434], ""type"": ""Point""}"
465,R551,19462,19990,2282,2957,-0.8827458637344568,R551,PTH04,GROVE STREET,1,PTH,40.719876,-74.042616,POINT (-74.04261600000001 40.719876),"{""coordinates"": [-74.042616, 40.719876], ""type"": ""Point""}"
466,R552,23480,13797,6533,4939,-0.721763202725724,R552,PTH03,JOURNAL SQUARE,1,PTH,40.732102,-74.063915,POINT (-74.06391500000001 40.732102),"{""coordinates"": [-74.063915, 40.732102], ""type"": ""Point""}"
